"","Indice","UF","Mes"
"1",101.46281405277,"Amazonas","201201"
"2",95.9866580170879,"Amazonas","201202"
"3",100.940507095015,"Amazonas","201203"
"4",98.6969104108393,"Amazonas","201204"
"5",102.17331644996,"Amazonas","201205"
"6",103.240605220371,"Amazonas","201206"
"7",80.437878955172,"Amazonas","201207"
"8",107.961324172571,"Amazonas","201208"
"9",103.374759210311,"Amazonas","201209"
"10",100.030239919886,"Amazonas","201210"
"11",105.480439938455,"Amazonas","201211"
"12",100.314546752099,"Amazonas","201212"
"13",97.5628140527704,"Amazonas","201301"
"14",94.5866580170879,"Amazonas","201302"
"15",102.240507095015,"Amazonas","201303"
"16",113.096910410839,"Amazonas","201304"
"17",109.77331644996,"Amazonas","201305"
"18",104.340605220371,"Amazonas","201306"
"19",108.137878955172,"Amazonas","201307"
"20",110.261324172571,"Amazonas","201308"
"21",109.274759210311,"Amazonas","201309"
"22",111.730239919886,"Amazonas","201310"
"23",114.880439938455,"Amazonas","201311"
"24",105.614546752099,"Amazonas","201312"
"25",107.26281405277,"Amazonas","201401"
"26",114.586658017088,"Amazonas","201402"
"27",109.640507095015,"Amazonas","201403"
"28",113.196910410839,"Amazonas","201404"
"29",102.77331644996,"Amazonas","201405"
"30",87.1406052203715,"Amazonas","201406"
"31",104.037878955172,"Amazonas","201407"
"32",96.1613241725705,"Amazonas","201408"
"33",101.374759210311,"Amazonas","201409"
"34",99.5302399198857,"Amazonas","201410"
"35",93.2804399384548,"Amazonas","201411"
"36",100.814546752099,"Amazonas","201412"
"37",94.5628140527704,"Amazonas","201501"
"38",91.7866580170879,"Amazonas","201502"
"39",86.0405070950154,"Amazonas","201503"
"40",91.1969104108393,"Amazonas","201504"
"41",88.5733164499597,"Amazonas","201505"
"42",86.1406052203715,"Amazonas","201506"
"43",83.737878955172,"Amazonas","201507"
"44",81.7613241725706,"Amazonas","201508"
"45",85.6747592103111,"Amazonas","201509"
"46",74.7302399198857,"Amazonas","201510"
"47",71.2804399384548,"Amazonas","201511"
"48",72.314546752099,"Amazonas","201512"
"49",64.6628140527704,"Amazonas","201601"
"50",68.9866580170879,"Amazonas","201602"
"51",77.9405070950154,"Amazonas","201603"
"52",73.0969104108393,"Amazonas","201604"
"53",82.8733164499597,"Amazonas","201605"
"54",79.1406052203715,"Amazonas","201606"
"55",79.937878955172,"Amazonas","201607"
"56",75.0613241725706,"Amazonas","201608"
"57",74.6747592103111,"Amazonas","201609"
"58",67.4302399198857,"Amazonas","201610"
"59",74.9804399384548,"Amazonas","201611"
"60",74.614546752099,"Amazonas","201612"
"61",70.3628140527704,"Amazonas","201701"
"62",73.5866580170879,"Amazonas","201702"
"63",71.6405070950155,"Amazonas","201703"
"64",78.9969104108393,"Amazonas","201704"
"65",83.7733164499597,"Amazonas","201705"
"66",79.5406052203715,"Amazonas","201706"
"67",79.137878955172,"Amazonas","201707"
"68",79.7613241725706,"Amazonas","201708"
"69",80.5747592103111,"Amazonas","201709"
"70",77.9302399198857,"Amazonas","201710"
"71",76.2804399384548,"Amazonas","201711"
"72",86.4145467520991,"Amazonas","201712"
"73",95.1628140527704,"Amazonas","201801"
"74",84.9866580170879,"Amazonas","201802"
"75",89.8405070950154,"Amazonas","201803"
"76",88.3969104108393,"Amazonas","201804"
"77",86.5733164499597,"Amazonas","201805"
"78",81.0406052203715,"Amazonas","201806"
"79",84.437878955172,"Amazonas","201807"
"80",73.5613241725706,"Amazonas","201808"
"81",66.8747592103111,"Amazonas","201809"
"82",80.2302399198857,"Amazonas","201810"
"83",74.0804399384548,"Amazonas","201811"
"84",74.614546752099,"Amazonas","201812"
"85",84.8628140527704,"Amazonas","201901"
"86",90.9866580170879,"Amazonas","201902"
"87",78.6405070950155,"Amazonas","201903"
"88",91.6969104108393,"Amazonas","201904"
"89",89.6733164499597,"Amazonas","201905"
"90",85.5406052203715,"Amazonas","201906"
"91",84.937878955172,"Amazonas","201907"
"92",84.3613241725705,"Amazonas","201908"
"93",80.7747592103111,"Amazonas","201909"
"94",86.5302399198857,"Amazonas","201910"
"95",85.1804399384548,"Amazonas","201911"
"96",83.4145467520991,"Amazonas","201912"
"97",89.8628140527704,"Amazonas","202001"
"98",89.5866580170879,"Amazonas","202002"
"99",74.4405070950154,"Amazonas","202003"
"100",42.3969104108393,"Amazonas","202004"
"101",46.4733164499597,"Amazonas","202005"
"102",78.5406052203715,"Amazonas","202006"
"103",92.037878955172,"Amazonas","202007"
"104",86.1613241725705,"Amazonas","202008"
"105",95.5747592103111,"Amazonas","202009"
"106",93.3302399198857,"Amazonas","202010"
"107",95.1804399384548,"Amazonas","202011"
"108",91.314546752099,"Amazonas","202012"
"109",80.9628140527704,"Amazonas","202101"
"110",80.6866580170879,"Amazonas","202102"
"111",93.4405070950154,"Amazonas","202103"
"112",93.1969104108393,"Amazonas","202104"
"113",90.4733164499597,"Amazonas","202105"
"114",97.5406052203715,"Amazonas","202106"
"115",84.437878955172,"Amazonas","202107"
"116",85.1613241725705,"Amazonas","202108"
"117",80.9747592103111,"Amazonas","202109"
"118",94.2917403067508,"Pará","201201"
"119",102.326662483262,"Pará","201202"
"120",103.57158088997,"Pará","201203"
"121",100.46200618868,"Pará","201204"
"122",105.872440763252,"Pará","201205"
"123",106.137021608319,"Pará","201206"
"124",97.4716017160777,"Pará","201207"
"125",102.763085625602,"Pará","201208"
"126",102.154565701898,"Pará","201209"
"127",100.105884773593,"Pará","201210"
"128",94.0872241930769,"Pará","201211"
"129",90.9561873836565,"Pará","201212"
"130",93.7917403067508,"Pará","201301"
"131",93.7266624832625,"Pará","201302"
"132",94.57158088997,"Pará","201303"
"133",97.9620061886799,"Pará","201304"
"134",97.0724407632517,"Pará","201305"
"135",96.6370216083189,"Pará","201306"
"136",97.0716017160777,"Pará","201307"
"137",96.7630856256016,"Pará","201308"
"138",95.4545657018976,"Pará","201309"
"139",101.305884773593,"Pará","201310"
"140",100.987224193077,"Pará","201311"
"141",99.8561873836565,"Pará","201312"
"142",97.1917403067508,"Pará","201401"
"143",90.2266624832625,"Pará","201402"
"144",92.47158088997,"Pará","201403"
"145",98.9620061886799,"Pará","201404"
"146",101.172440763252,"Pará","201405"
"147",95.8370216083189,"Pará","201406"
"148",98.6716017160777,"Pará","201407"
"149",95.0630856256016,"Pará","201408"
"150",96.8545657018976,"Pará","201409"
"151",97.4058847735928,"Pará","201410"
"152",95.5872241930769,"Pará","201411"
"153",96.3561873836565,"Pará","201412"
"154",92.4917403067508,"Pará","201501"
"155",90.1266624832625,"Pará","201502"
"156",96.17158088997,"Pará","201503"
"157",101.56200618868,"Pará","201504"
"158",96.5724407632517,"Pará","201505"
"159",95.1370216083189,"Pará","201506"
"160",92.2716017160777,"Pará","201507"
"161",89.8630856256016,"Pará","201508"
"162",91.2545657018976,"Pará","201509"
"163",90.3058847735928,"Pará","201510"
"164",87.0872241930769,"Pará","201511"
"165",84.5561873836565,"Pará","201512"
"166",85.1917403067508,"Pará","201601"
"167",85.3266624832625,"Pará","201602"
"168",81.37158088997,"Pará","201603"
"169",90.1620061886799,"Pará","201604"
"170",90.3724407632517,"Pará","201605"
"171",92.5370216083189,"Pará","201606"
"172",87.4716017160777,"Pará","201607"
"173",87.3630856256016,"Pará","201608"
"174",82.3545657018976,"Pará","201609"
"175",80.9058847735928,"Pará","201610"
"176",84.1872241930769,"Pará","201611"
"177",86.1561873836565,"Pará","201612"
"178",81.7917403067508,"Pará","201701"
"179",81.2266624832625,"Pará","201702"
"180",83.47158088997,"Pará","201703"
"181",83.2620061886799,"Pará","201704"
"182",87.7724407632518,"Pará","201705"
"183",82.0370216083189,"Pará","201706"
"184",82.3716017160777,"Pará","201707"
"185",82.2630856256016,"Pará","201708"
"186",81.5545657018976,"Pará","201709"
"187",79.6058847735928,"Pará","201710"
"188",79.9872241930769,"Pará","201711"
"189",83.9561873836565,"Pará","201712"
"190",86.0917403067508,"Pará","201801"
"191",83.5266624832625,"Pará","201802"
"192",76.67158088997,"Pará","201803"
"193",81.0620061886799,"Pará","201804"
"194",67.3724407632517,"Pará","201805"
"195",76.5370216083189,"Pará","201806"
"196",71.4716017160777,"Pará","201807"
"197",69.3630856256016,"Pará","201808"
"198",73.7545657018976,"Pará","201809"
"199",71.2058847735928,"Pará","201810"
"200",74.2872241930769,"Pará","201811"
"201",68.4561873836565,"Pará","201812"
"202",80.3917403067508,"Pará","201901"
"203",75.1266624832625,"Pará","201902"
"204",76.07158088997,"Pará","201903"
"205",74.8620061886799,"Pará","201904"
"206",82.8724407632517,"Pará","201905"
"207",74.1370216083189,"Pará","201906"
"208",81.3716017160777,"Pará","201907"
"209",82.1630856256016,"Pará","201908"
"210",87.7545657018976,"Pará","201909"
"211",82.1058847735928,"Pará","201910"
"212",83.8872241930769,"Pará","201911"
"213",81.8561873836565,"Pará","201912"
"214",80.8917403067508,"Pará","202001"
"215",82.7266624832625,"Pará","202002"
"216",74.37158088997,"Pará","202003"
"217",63.6620061886799,"Pará","202004"
"218",63.7724407632517,"Pará","202005"
"219",70.0370216083189,"Pará","202006"
"220",75.9716017160777,"Pará","202007"
"221",75.2630856256016,"Pará","202008"
"222",72.4545657018976,"Pará","202009"
"223",72.9058847735928,"Pará","202010"
"224",72.3872241930769,"Pará","202011"
"225",76.1561873836565,"Pará","202012"
"226",74.1917403067508,"Pará","202101"
"227",78.0266624832625,"Pará","202102"
"228",79.67158088997,"Pará","202103"
"229",62.9620061886799,"Pará","202104"
"230",58.5724407632517,"Pará","202105"
"231",59.1370216083189,"Pará","202106"
"232",60.7716017160777,"Pará","202107"
"233",60.2630856256016,"Pará","202108"
"234",53.7545657018976,"Pará","202109"
"235",94.3024037597328,"Ceará","201201"
"236",98.5525526075412,"Ceará","201202"
"237",106.952699029351,"Ceará","201203"
"238",104.31322621518,"Ceará","201204"
"239",106.993754483191,"Ceará","201205"
"240",98.9770172031061,"Ceará","201206"
"241",96.9002821349621,"Ceará","201207"
"242",94.8095409172835,"Ceará","201208"
"243",97.0488004250261,"Ceará","201209"
"244",99.0091906119391,"Ceará","201210"
"245",104.191312777393,"Ceará","201211"
"246",98.0492188674031,"Ceará","201212"
"247",108.202403759733,"Ceará","201301"
"248",102.852552607541,"Ceará","201302"
"249",107.552699029351,"Ceará","201303"
"250",120.91322621518,"Ceará","201304"
"251",113.793754483191,"Ceará","201305"
"252",108.377017203106,"Ceará","201306"
"253",111.100282134962,"Ceará","201307"
"254",108.709540917284,"Ceará","201308"
"255",108.948800425026,"Ceará","201309"
"256",115.209190611939,"Ceará","201310"
"257",111.591312777393,"Ceará","201311"
"258",102.549218867403,"Ceará","201312"
"259",103.802403759733,"Ceará","201401"
"260",110.052552607541,"Ceará","201402"
"261",106.852699029351,"Ceará","201403"
"262",115.41322621518,"Ceará","201404"
"263",113.493754483191,"Ceará","201405"
"264",101.377017203106,"Ceará","201406"
"265",108.700282134962,"Ceará","201407"
"266",106.409540917283,"Ceará","201408"
"267",109.148800425026,"Ceará","201409"
"268",103.909190611939,"Ceará","201410"
"269",103.291312777393,"Ceará","201411"
"270",104.149218867403,"Ceará","201412"
"271",98.5024037597328,"Ceará","201501"
"272",100.352552607541,"Ceará","201502"
"273",103.352699029351,"Ceará","201503"
"274",100.61322621518,"Ceará","201504"
"275",99.2937544831912,"Ceará","201505"
"276",100.777017203106,"Ceará","201506"
"277",93.1002821349621,"Ceará","201507"
"278",93.8095409172835,"Ceará","201508"
"279",94.9488004250261,"Ceará","201509"
"280",93.7091906119391,"Ceará","201510"
"281",90.9913127773929,"Ceará","201511"
"282",89.7492188674031,"Ceará","201512"
"283",89.4024037597328,"Ceará","201601"
"284",90.9525526075413,"Ceará","201602"
"285",97.5526990293505,"Ceará","201603"
"286",98.4132262151802,"Ceará","201604"
"287",96.7937544831912,"Ceará","201605"
"288",97.4770172031061,"Ceará","201606"
"289",92.6002821349621,"Ceará","201607"
"290",91.0095409172835,"Ceará","201608"
"291",88.7488004250261,"Ceará","201609"
"292",85.8091906119391,"Ceará","201610"
"293",86.5913127773929,"Ceará","201611"
"294",94.0492188674031,"Ceará","201612"
"295",90.8024037597328,"Ceará","201701"
"296",89.6525526075413,"Ceará","201702"
"297",96.0526990293505,"Ceará","201703"
"298",92.8132262151802,"Ceará","201704"
"299",102.693754483191,"Ceará","201705"
"300",100.477017203106,"Ceará","201706"
"301",93.9002821349621,"Ceará","201707"
"302",95.2095409172835,"Ceará","201708"
"303",91.7488004250261,"Ceará","201709"
"304",93.6091906119391,"Ceará","201710"
"305",91.0913127773929,"Ceará","201711"
"306",94.7492188674031,"Ceará","201712"
"307",95.0024037597328,"Ceará","201801"
"308",91.2525526075412,"Ceará","201802"
"309",97.4526990293505,"Ceará","201803"
"310",97.5132262151802,"Ceará","201804"
"311",93.8937544831912,"Ceará","201805"
"312",97.6770172031061,"Ceará","201806"
"313",94.6002821349621,"Ceará","201807"
"314",95.2095409172835,"Ceará","201808"
"315",95.4488004250261,"Ceará","201809"
"316",95.2091906119391,"Ceará","201810"
"317",93.7913127773929,"Ceará","201811"
"318",91.0492188674031,"Ceará","201812"
"319",93.5024037597328,"Ceará","201901"
"320",97.6525526075413,"Ceará","201902"
"321",91.5526990293505,"Ceará","201903"
"322",101.91322621518,"Ceará","201904"
"323",102.593754483191,"Ceará","201905"
"324",96.7770172031061,"Ceará","201906"
"325",94.9002821349621,"Ceará","201907"
"326",95.7095409172835,"Ceará","201908"
"327",95.4488004250261,"Ceará","201909"
"328",94.6091906119391,"Ceará","201910"
"329",96.4913127773929,"Ceará","201911"
"330",94.6492188674031,"Ceará","201912"
"331",97.7024037597328,"Ceará","202001"
"332",98.5525526075412,"Ceará","202002"
"333",82.6526990293505,"Ceará","202003"
"334",55.1132262151802,"Ceará","202004"
"335",54.9937544831912,"Ceará","202005"
"336",77.3770172031061,"Ceará","202006"
"337",97.6002821349621,"Ceará","202007"
"338",101.209540917284,"Ceará","202008"
"339",104.148800425026,"Ceará","202009"
"340",101.109190611939,"Ceará","202010"
"341",103.091312777393,"Ceará","202011"
"342",111.049218867403,"Ceará","202012"
"343",107.302403759733,"Ceará","202101"
"344",98.4525526075413,"Ceará","202102"
"345",88.1526990293505,"Ceará","202103"
"346",91.2132262151802,"Ceará","202104"
"347",93.7937544831912,"Ceará","202105"
"348",98.8770172031061,"Ceará","202106"
"349",94.6002821349621,"Ceará","202107"
"350",94.8095409172835,"Ceará","202108"
"351",90.1488004250261,"Ceará","202109"
"352",102.210948071493,"Pernambuco","201201"
"353",108.862331900525,"Pernambuco","201202"
"354",105.193707111723,"Pernambuco","201203"
"355",99.123479557919,"Pernambuco","201204"
"356",101.193258798486,"Pernambuco","201205"
"357",98.4367836904927,"Pernambuco","201206"
"358",92.6103116823823,"Pernambuco","201207"
"359",94.5713688608952,"Pernambuco","201208"
"360",95.3024290005476,"Pernambuco","201209"
"361",102.717911605198,"Pernambuco","201210"
"362",98.3350585549374,"Pernambuco","201211"
"363",101.542408264578,"Pernambuco","201212"
"364",101.610948071493,"Pernambuco","201301"
"365",98.2623319005245,"Pernambuco","201302"
"366",97.3937071117235,"Pernambuco","201303"
"367",102.223479557919,"Pernambuco","201304"
"368",102.493258798486,"Pernambuco","201305"
"369",100.536783690493,"Pernambuco","201306"
"370",97.7103116823823,"Pernambuco","201307"
"371",95.6713688608952,"Pernambuco","201308"
"372",90.0024290005476,"Pernambuco","201309"
"373",100.017911605198,"Pernambuco","201310"
"374",98.6350585549374,"Pernambuco","201311"
"375",107.642408264578,"Pernambuco","201312"
"376",107.110948071493,"Pernambuco","201401"
"377",104.162331900525,"Pernambuco","201402"
"378",108.293707111724,"Pernambuco","201403"
"379",104.823479557919,"Pernambuco","201404"
"380",104.093258798486,"Pernambuco","201405"
"381",94.3367836904927,"Pernambuco","201406"
"382",93.9103116823823,"Pernambuco","201407"
"383",94.5713688608952,"Pernambuco","201408"
"384",97.3024290005476,"Pernambuco","201409"
"385",93.1179116051983,"Pernambuco","201410"
"386",96.1350585549374,"Pernambuco","201411"
"387",98.2424082645783,"Pernambuco","201412"
"388",111.410948071493,"Pernambuco","201501"
"389",107.362331900525,"Pernambuco","201502"
"390",107.593707111724,"Pernambuco","201503"
"391",98.123479557919,"Pernambuco","201504"
"392",93.393258798486,"Pernambuco","201505"
"393",94.9367836904927,"Pernambuco","201506"
"394",92.9103116823823,"Pernambuco","201507"
"395",90.1713688608952,"Pernambuco","201508"
"396",91.5024290005476,"Pernambuco","201509"
"397",88.1179116051983,"Pernambuco","201510"
"398",94.2350585549375,"Pernambuco","201511"
"399",83.5424082645783,"Pernambuco","201512"
"400",76.8109480714927,"Pernambuco","201601"
"401",81.4623319005245,"Pernambuco","201602"
"402",85.3937071117235,"Pernambuco","201603"
"403",91.623479557919,"Pernambuco","201604"
"404",89.193258798486,"Pernambuco","201605"
"405",89.9367836904927,"Pernambuco","201606"
"406",90.4103116823823,"Pernambuco","201607"
"407",89.0713688608952,"Pernambuco","201608"
"408",88.7024290005476,"Pernambuco","201609"
"409",87.9179116051983,"Pernambuco","201610"
"410",87.3350585549374,"Pernambuco","201611"
"411",89.8424082645783,"Pernambuco","201612"
"412",89.8109480714927,"Pernambuco","201701"
"413",80.6623319005245,"Pernambuco","201702"
"414",87.7937071117235,"Pernambuco","201703"
"415",86.323479557919,"Pernambuco","201704"
"416",87.293258798486,"Pernambuco","201705"
"417",88.3367836904927,"Pernambuco","201706"
"418",86.8103116823823,"Pernambuco","201707"
"419",89.6713688608952,"Pernambuco","201708"
"420",86.0024290005476,"Pernambuco","201709"
"421",85.8179116051983,"Pernambuco","201710"
"422",93.9350585549375,"Pernambuco","201711"
"423",94.2424082645783,"Pernambuco","201712"
"424",88.1109480714927,"Pernambuco","201801"
"425",84.4623319005245,"Pernambuco","201802"
"426",88.6937071117235,"Pernambuco","201803"
"427",94.523479557919,"Pernambuco","201804"
"428",84.993258798486,"Pernambuco","201805"
"429",96.0367836904927,"Pernambuco","201806"
"430",96.5103116823823,"Pernambuco","201807"
"431",100.871368860895,"Pernambuco","201808"
"432",100.902429000548,"Pernambuco","201809"
"433",91.3179116051983,"Pernambuco","201810"
"434",88.5350585549375,"Pernambuco","201811"
"435",86.4424082645783,"Pernambuco","201812"
"436",83.7109480714927,"Pernambuco","201901"
"437",86.2623319005245,"Pernambuco","201902"
"438",84.0937071117235,"Pernambuco","201903"
"439",97.323479557919,"Pernambuco","201904"
"440",95.593258798486,"Pernambuco","201905"
"441",91.3367836904927,"Pernambuco","201906"
"442",89.0103116823823,"Pernambuco","201907"
"443",92.0713688608952,"Pernambuco","201908"
"444",92.7024290005476,"Pernambuco","201909"
"445",92.7179116051983,"Pernambuco","201910"
"446",86.9350585549375,"Pernambuco","201911"
"447",86.0424082645783,"Pernambuco","201912"
"448",87.5109480714927,"Pernambuco","202001"
"449",95.9623319005245,"Pernambuco","202002"
"450",85.8937071117235,"Pernambuco","202003"
"451",73.923479557919,"Pernambuco","202004"
"452",84.493258798486,"Pernambuco","202005"
"453",93.5367836904927,"Pernambuco","202006"
"454",103.110311682382,"Pernambuco","202007"
"455",101.271368860895,"Pernambuco","202008"
"456",99.5024290005476,"Pernambuco","202009"
"457",101.117911605198,"Pernambuco","202010"
"458",97.8350585549374,"Pernambuco","202011"
"459",93.7424082645783,"Pernambuco","202012"
"460",95.0109480714927,"Pernambuco","202101"
"461",95.0623319005245,"Pernambuco","202102"
"462",91.3937071117235,"Pernambuco","202103"
"463",92.923479557919,"Pernambuco","202104"
"464",97.393258798486,"Pernambuco","202105"
"465",91.6367836904926,"Pernambuco","202106"
"466",95.0103116823823,"Pernambuco","202107"
"467",88.6713688608952,"Pernambuco","202108"
"468",93.3024290005476,"Pernambuco","202109"
"469",98.7368241521197,"Bahia","201201"
"470",100.800259214607,"Bahia","201202"
"471",98.5036844264413,"Bahia","201203"
"472",98.6642117484319,"Bahia","201204"
"473",105.684743708351,"Bahia","201205"
"474",101.34200402183,"Bahia","201206"
"475",95.3592631342068,"Bahia","201207"
"476",96.7517388754303,"Bahia","201208"
"477",94.9042200632532,"Bahia","201209"
"478",98.6486428718289,"Bahia","201210"
"479",103.647071279958,"Bahia","201211"
"480",106.957335629364,"Bahia","201212"
"481",111.03682415212,"Bahia","201301"
"482",105.700259214607,"Bahia","201302"
"483",104.703684426441,"Bahia","201303"
"484",113.564211748432,"Bahia","201304"
"485",113.784743708351,"Bahia","201305"
"486",112.54200402183,"Bahia","201306"
"487",110.859263134207,"Bahia","201307"
"488",104.65173887543,"Bahia","201308"
"489",102.904220063253,"Bahia","201309"
"490",97.4486428718289,"Bahia","201310"
"491",106.047071279958,"Bahia","201311"
"492",102.957335629364,"Bahia","201312"
"493",102.73682415212,"Bahia","201401"
"494",104.900259214607,"Bahia","201402"
"495",107.203684426441,"Bahia","201403"
"496",112.364211748432,"Bahia","201404"
"497",104.784743708351,"Bahia","201405"
"498",98.5420040218296,"Bahia","201406"
"499",103.059263134207,"Bahia","201407"
"500",97.2517388754303,"Bahia","201408"
"501",104.504220063253,"Bahia","201409"
"502",107.148642871829,"Bahia","201410"
"503",106.047071279958,"Bahia","201411"
"504",100.957335629364,"Bahia","201412"
"505",90.6368241521197,"Bahia","201501"
"506",82.0002592146067,"Bahia","201502"
"507",104.103684426441,"Bahia","201503"
"508",97.8642117484319,"Bahia","201504"
"509",99.5847437083509,"Bahia","201505"
"510",102.74200402183,"Bahia","201506"
"511",104.859263134207,"Bahia","201507"
"512",101.25173887543,"Bahia","201508"
"513",94.1042200632532,"Bahia","201509"
"514",96.7486428718289,"Bahia","201510"
"515",91.8470712799583,"Bahia","201511"
"516",97.5573356293636,"Bahia","201512"
"517",100.93682415212,"Bahia","201601"
"518",91.7002592146067,"Bahia","201602"
"519",97.2036844264413,"Bahia","201603"
"520",98.0642117484319,"Bahia","201604"
"521",97.8847437083509,"Bahia","201605"
"522",98.2420040218296,"Bahia","201606"
"523",85.0592631342068,"Bahia","201607"
"524",90.9517388754303,"Bahia","201608"
"525",88.5042200632532,"Bahia","201609"
"526",90.3486428718289,"Bahia","201610"
"527",87.4470712799583,"Bahia","201611"
"528",90.0573356293636,"Bahia","201612"
"529",86.8368241521197,"Bahia","201701"
"530",89.1002592146067,"Bahia","201702"
"531",94.4036844264413,"Bahia","201703"
"532",91.4642117484319,"Bahia","201704"
"533",98.4847437083509,"Bahia","201705"
"534",88.1420040218296,"Bahia","201706"
"535",93.3592631342068,"Bahia","201707"
"536",96.5517388754303,"Bahia","201708"
"537",93.7042200632532,"Bahia","201709"
"538",87.5486428718289,"Bahia","201710"
"539",89.3470712799583,"Bahia","201711"
"540",87.9573356293637,"Bahia","201712"
"541",91.8368241521197,"Bahia","201801"
"542",92.2002592146067,"Bahia","201802"
"543",89.5036844264413,"Bahia","201803"
"544",96.3642117484319,"Bahia","201804"
"545",84.6847437083509,"Bahia","201805"
"546",96.6420040218296,"Bahia","201806"
"547",94.2592631342068,"Bahia","201807"
"548",97.8517388754303,"Bahia","201808"
"549",90.9042200632532,"Bahia","201809"
"550",94.4486428718289,"Bahia","201810"
"551",88.4470712799583,"Bahia","201811"
"552",88.4573356293637,"Bahia","201812"
"553",86.4368241521197,"Bahia","201901"
"554",93.6002592146067,"Bahia","201902"
"555",82.8036844264413,"Bahia","201903"
"556",94.5642117484319,"Bahia","201904"
"557",95.8847437083509,"Bahia","201905"
"558",88.8420040218296,"Bahia","201906"
"559",88.3592631342068,"Bahia","201907"
"560",88.3517388754303,"Bahia","201908"
"561",89.6042200632532,"Bahia","201909"
"562",92.9486428718289,"Bahia","201910"
"563",87.6470712799583,"Bahia","201911"
"564",85.3573356293637,"Bahia","201912"
"565",93.1368241521197,"Bahia","202001"
"566",99.9002592146067,"Bahia","202002"
"567",88.9036844264413,"Bahia","202003"
"568",71.1642117484319,"Bahia","202004"
"569",74.8847437083509,"Bahia","202005"
"570",74.7420040218296,"Bahia","202006"
"571",81.8592631342068,"Bahia","202007"
"572",83.4517388754303,"Bahia","202008"
"573",88.8042200632532,"Bahia","202009"
"574",86.9486428718289,"Bahia","202010"
"575",88.6470712799583,"Bahia","202011"
"576",86.0573356293636,"Bahia","202012"
"577",79.3368241521197,"Bahia","202101"
"578",80.4002592146067,"Bahia","202102"
"579",71.6036844264413,"Bahia","202103"
"580",63.4642117484319,"Bahia","202104"
"581",60.4847437083509,"Bahia","202105"
"582",71.9420040218296,"Bahia","202106"
"583",74.2592631342068,"Bahia","202107"
"584",70.6517388754303,"Bahia","202108"
"585",76.2042200632532,"Bahia","202109"
"586",93.2454777215397,"Minas Gerais","201201"
"587",98.1513443110625,"Minas Gerais","201202"
"588",101.367211392127,"Minas Gerais","201203"
"589",97.8198555202653,"Minas Gerais","201204"
"590",99.4025033310012,"Minas Gerais","201205"
"591",97.7314801914422,"Minas Gerais","201206"
"592",100.210458649394,"Minas Gerais","201207"
"593",102.802581668072,"Minas Gerais","201208"
"594",99.2947047422478,"Minas Gerais","201209"
"595",104.050110596862,"Minas Gerais","201210"
"596",104.019906997108,"Minas Gerais","201211"
"597",101.804365095145,"Minas Gerais","201212"
"598",101.94547772154,"Minas Gerais","201301"
"599",93.6513443110625,"Minas Gerais","201302"
"600",99.967211392127,"Minas Gerais","201303"
"601",104.019855520265,"Minas Gerais","201304"
"602",104.602503331001,"Minas Gerais","201305"
"603",101.531480191442,"Minas Gerais","201306"
"604",100.710458649394,"Minas Gerais","201307"
"605",100.602581668072,"Minas Gerais","201308"
"606",99.8947047422478,"Minas Gerais","201309"
"607",103.350110596862,"Minas Gerais","201310"
"608",101.619906997108,"Minas Gerais","201311"
"609",96.3043650951451,"Minas Gerais","201312"
"610",98.0454777215397,"Minas Gerais","201401"
"611",102.151344311063,"Minas Gerais","201402"
"612",99.567211392127,"Minas Gerais","201403"
"613",97.3198555202653,"Minas Gerais","201404"
"614",99.1025033310012,"Minas Gerais","201405"
"615",93.4314801914422,"Minas Gerais","201406"
"616",95.1104586493944,"Minas Gerais","201407"
"617",93.1025816680718,"Minas Gerais","201408"
"618",99.1947047422478,"Minas Gerais","201409"
"619",97.5501105968621,"Minas Gerais","201410"
"620",95.4199069971082,"Minas Gerais","201411"
"621",91.3043650951451,"Minas Gerais","201412"
"622",94.6454777215397,"Minas Gerais","201501"
"623",90.8513443110625,"Minas Gerais","201502"
"624",90.167211392127,"Minas Gerais","201503"
"625",87.0198555202653,"Minas Gerais","201504"
"626",88.4025033310012,"Minas Gerais","201505"
"627",86.2314801914422,"Minas Gerais","201506"
"628",84.2104586493944,"Minas Gerais","201507"
"629",86.6025816680718,"Minas Gerais","201508"
"630",83.9947047422478,"Minas Gerais","201509"
"631",86.7501105968621,"Minas Gerais","201510"
"632",82.4199069971082,"Minas Gerais","201511"
"633",84.3043650951451,"Minas Gerais","201512"
"634",81.3454777215397,"Minas Gerais","201601"
"635",84.1513443110625,"Minas Gerais","201602"
"636",84.967211392127,"Minas Gerais","201603"
"637",87.0198555202653,"Minas Gerais","201604"
"638",84.7025033310012,"Minas Gerais","201605"
"639",84.6314801914422,"Minas Gerais","201606"
"640",84.1104586493944,"Minas Gerais","201607"
"641",83.7025816680718,"Minas Gerais","201608"
"642",86.0947047422478,"Minas Gerais","201609"
"643",76.6501105968621,"Minas Gerais","201610"
"644",81.4199069971082,"Minas Gerais","201611"
"645",83.0043650951451,"Minas Gerais","201612"
"646",80.3454777215397,"Minas Gerais","201701"
"647",83.2513443110625,"Minas Gerais","201702"
"648",84.067211392127,"Minas Gerais","201703"
"649",83.1198555202654,"Minas Gerais","201704"
"650",86.8025033310012,"Minas Gerais","201705"
"651",86.6314801914422,"Minas Gerais","201706"
"652",85.7104586493944,"Minas Gerais","201707"
"653",85.9025816680718,"Minas Gerais","201708"
"654",84.2947047422478,"Minas Gerais","201709"
"655",81.4501105968621,"Minas Gerais","201710"
"656",85.1199069971082,"Minas Gerais","201711"
"657",84.6043650951451,"Minas Gerais","201712"
"658",86.4454777215397,"Minas Gerais","201801"
"659",82.5513443110625,"Minas Gerais","201802"
"660",83.667211392127,"Minas Gerais","201803"
"661",89.6198555202654,"Minas Gerais","201804"
"662",77.1025033310012,"Minas Gerais","201805"
"663",86.1314801914422,"Minas Gerais","201806"
"664",83.0104586493944,"Minas Gerais","201807"
"665",84.4025816680718,"Minas Gerais","201808"
"666",81.3947047422478,"Minas Gerais","201809"
"667",82.3501105968621,"Minas Gerais","201810"
"668",83.1199069971082,"Minas Gerais","201811"
"669",84.5043650951451,"Minas Gerais","201812"
"670",86.3454777215397,"Minas Gerais","201901"
"671",86.2513443110625,"Minas Gerais","201902"
"672",82.167211392127,"Minas Gerais","201903"
"673",88.2198555202654,"Minas Gerais","201904"
"674",87.8025033310012,"Minas Gerais","201905"
"675",85.1314801914422,"Minas Gerais","201906"
"676",84.6104586493944,"Minas Gerais","201907"
"677",84.3025816680718,"Minas Gerais","201908"
"678",82.6947047422478,"Minas Gerais","201909"
"679",81.8501105968621,"Minas Gerais","201910"
"680",81.6199069971082,"Minas Gerais","201911"
"681",81.0043650951451,"Minas Gerais","201912"
"682",83.7454777215397,"Minas Gerais","202001"
"683",85.8513443110625,"Minas Gerais","202002"
"684",80.867211392127,"Minas Gerais","202003"
"685",68.4198555202653,"Minas Gerais","202004"
"686",71.2025033310012,"Minas Gerais","202005"
"687",77.3314801914422,"Minas Gerais","202006"
"688",84.5104586493944,"Minas Gerais","202007"
"689",83.5025816680718,"Minas Gerais","202008"
"690",89.4947047422478,"Minas Gerais","202009"
"691",87.4501105968621,"Minas Gerais","202010"
"692",86.2199069971082,"Minas Gerais","202011"
"693",93.3043650951451,"Minas Gerais","202012"
"694",90.1454777215397,"Minas Gerais","202101"
"695",88.8513443110625,"Minas Gerais","202102"
"696",88.367211392127,"Minas Gerais","202103"
"697",92.2198555202654,"Minas Gerais","202104"
"698",95.3025033310012,"Minas Gerais","202105"
"699",95.5314801914422,"Minas Gerais","202106"
"700",92.0104586493944,"Minas Gerais","202107"
"701",89.3025816680718,"Minas Gerais","202108"
"702",87.8947047422478,"Minas Gerais","202109"
"703",105.464148091167,"Espírito Santo","201201"
"704",103.569415380228,"Espírito Santo","201202"
"705",105.664682748569,"Espírito Santo","201203"
"706",98.297216632192,"Espírito Santo","201204"
"707",95.0197506783404,"Espírito Santo","201205"
"708",102.819855528727,"Espírito Santo","201206"
"709",101.389959606129,"Espírito Santo","201207"
"710",100.647724742287,"Espírito Santo","201208"
"711",94.2754894503288,"Espírito Santo","201209"
"712",96.8742998119827,"Espírito Santo","201210"
"713",95.5942768945982,"Espírito Santo","201211"
"714",100.383180740913,"Espírito Santo","201212"
"715",96.9641480911665,"Espírito Santo","201301"
"716",98.0694153802279,"Espírito Santo","201302"
"717",99.5646827485691,"Espírito Santo","201303"
"718",98.697216632192,"Espírito Santo","201304"
"719",96.6197506783404,"Espírito Santo","201305"
"720",96.0198555287274,"Espírito Santo","201306"
"721",94.389959606129,"Espírito Santo","201307"
"722",98.2477247422874,"Espírito Santo","201308"
"723",99.0754894503288,"Espírito Santo","201309"
"724",98.5742998119827,"Espírito Santo","201310"
"725",97.0942768945982,"Espírito Santo","201311"
"726",97.8831807409127,"Espírito Santo","201312"
"727",92.2641480911665,"Espírito Santo","201401"
"728",88.5694153802279,"Espírito Santo","201402"
"729",92.8646827485691,"Espírito Santo","201403"
"730",95.397216632192,"Espírito Santo","201404"
"731",90.3197506783404,"Espírito Santo","201405"
"732",94.0198555287274,"Espírito Santo","201406"
"733",98.089959606129,"Espírito Santo","201407"
"734",99.9477247422874,"Espírito Santo","201408"
"735",101.875489450329,"Espírito Santo","201409"
"736",94.1742998119827,"Espírito Santo","201410"
"737",94.6942768945982,"Espírito Santo","201411"
"738",87.9831807409127,"Espírito Santo","201412"
"739",94.2641480911665,"Espírito Santo","201501"
"740",96.5694153802279,"Espírito Santo","201502"
"741",98.0646827485691,"Espírito Santo","201503"
"742",98.797216632192,"Espírito Santo","201504"
"743",100.11975067834,"Espírito Santo","201505"
"744",101.619855528727,"Espírito Santo","201506"
"745",99.589959606129,"Espírito Santo","201507"
"746",88.6477247422874,"Espírito Santo","201508"
"747",91.4754894503288,"Espírito Santo","201509"
"748",90.9742998119827,"Espírito Santo","201510"
"749",96.7942768945982,"Espírito Santo","201511"
"750",93.2831807409127,"Espírito Santo","201512"
"751",89.5641480911665,"Espírito Santo","201601"
"752",101.969415380228,"Espírito Santo","201602"
"753",95.9646827485691,"Espírito Santo","201603"
"754",94.197216632192,"Espírito Santo","201604"
"755",99.5197506783404,"Espírito Santo","201605"
"756",97.2198555287274,"Espírito Santo","201606"
"757",92.889959606129,"Espírito Santo","201607"
"758",91.6477247422874,"Espírito Santo","201608"
"759",93.0754894503288,"Espírito Santo","201609"
"760",95.9742998119827,"Espírito Santo","201610"
"761",88.5942768945982,"Espírito Santo","201611"
"762",93.4831807409127,"Espírito Santo","201612"
"763",103.164148091167,"Espírito Santo","201701"
"764",94.6694153802279,"Espírito Santo","201702"
"765",94.0646827485691,"Espírito Santo","201703"
"766",99.097216632192,"Espírito Santo","201704"
"767",101.61975067834,"Espírito Santo","201705"
"768",99.2198555287274,"Espírito Santo","201706"
"769",94.089959606129,"Espírito Santo","201707"
"770",99.9477247422874,"Espírito Santo","201708"
"771",90.0754894503288,"Espírito Santo","201709"
"772",91.2742998119827,"Espírito Santo","201710"
"773",95.8942768945982,"Espírito Santo","201711"
"774",88.9831807409127,"Espírito Santo","201712"
"775",89.4641480911665,"Espírito Santo","201801"
"776",85.0694153802279,"Espírito Santo","201802"
"777",94.5646827485691,"Espírito Santo","201803"
"778",95.797216632192,"Espírito Santo","201804"
"779",94.9197506783404,"Espírito Santo","201805"
"780",92.9198555287274,"Espírito Santo","201806"
"781",92.189959606129,"Espírito Santo","201807"
"782",94.2477247422874,"Espírito Santo","201808"
"783",99.6754894503288,"Espírito Santo","201809"
"784",95.5742998119827,"Espírito Santo","201810"
"785",97.0942768945982,"Espírito Santo","201811"
"786",90.4831807409127,"Espírito Santo","201812"
"787",85.8641480911665,"Espírito Santo","201901"
"788",85.5694153802279,"Espírito Santo","201902"
"789",83.9646827485691,"Espírito Santo","201903"
"790",90.097216632192,"Espírito Santo","201904"
"791",94.6197506783404,"Espírito Santo","201905"
"792",85.4198555287274,"Espírito Santo","201906"
"793",84.889959606129,"Espírito Santo","201907"
"794",81.5477247422874,"Espírito Santo","201908"
"795",82.6754894503288,"Espírito Santo","201909"
"796",80.9742998119827,"Espírito Santo","201910"
"797",79.9942768945982,"Espírito Santo","201911"
"798",84.8831807409127,"Espírito Santo","201912"
"799",89.5641480911665,"Espírito Santo","202001"
"800",90.8694153802279,"Espírito Santo","202002"
"801",76.4646827485691,"Espírito Santo","202003"
"802",66.497216632192,"Espírito Santo","202004"
"803",64.8197506783404,"Espírito Santo","202005"
"804",70.1198555287274,"Espírito Santo","202006"
"805",82.489959606129,"Espírito Santo","202007"
"806",88.5477247422874,"Espírito Santo","202008"
"807",86.4754894503288,"Espírito Santo","202009"
"808",93.6742998119827,"Espírito Santo","202010"
"809",92.0942768945982,"Espírito Santo","202011"
"810",100.083180740913,"Espírito Santo","202012"
"811",93.5641480911665,"Espírito Santo","202101"
"812",94.4694153802279,"Espírito Santo","202102"
"813",97.4646827485691,"Espírito Santo","202103"
"814",101.797216632192,"Espírito Santo","202104"
"815",101.11975067834,"Espírito Santo","202105"
"816",99.7198555287274,"Espírito Santo","202106"
"817",99.489959606129,"Espírito Santo","202107"
"818",96.4477247422874,"Espírito Santo","202108"
"819",101.575489450329,"Espírito Santo","202109"
"820",85.3396507797438,"Rio de Janeiro","201201"
"821",97.5358977430955,"Rio de Janeiro","201202"
"822",102.44213991392,"Rio de Janeiro","201203"
"823",105.057782833119,"Rio de Janeiro","201204"
"824",105.183433858791,"Rio de Janeiro","201205"
"825",95.7434838493864,"Rio de Janeiro","201206"
"826",100.163542386465,"Rio de Janeiro","201207"
"827",101.449285122312,"Rio de Janeiro","201208"
"828",100.815031421836,"Rio de Janeiro","201209"
"829",104.539431684189,"Rio de Janeiro","201210"
"830",101.618820810069,"Rio de Janeiro","201211"
"831",100.111499385111,"Rio de Janeiro","201212"
"832",104.239650779744,"Rio de Janeiro","201301"
"833",99.5358977430955,"Rio de Janeiro","201302"
"834",105.34213991392,"Rio de Janeiro","201303"
"835",106.857782833119,"Rio de Janeiro","201304"
"836",105.183433858791,"Rio de Janeiro","201305"
"837",98.5434838493864,"Rio de Janeiro","201306"
"838",104.263542386465,"Rio de Janeiro","201307"
"839",98.5492851223116,"Rio de Janeiro","201308"
"840",103.515031421836,"Rio de Janeiro","201309"
"841",102.839431684189,"Rio de Janeiro","201310"
"842",100.718820810069,"Rio de Janeiro","201311"
"843",99.2114993851111,"Rio de Janeiro","201312"
"844",102.839650779744,"Rio de Janeiro","201401"
"845",101.835897743095,"Rio de Janeiro","201402"
"846",101.04213991392,"Rio de Janeiro","201403"
"847",99.3577828331192,"Rio de Janeiro","201404"
"848",95.5834338587914,"Rio de Janeiro","201405"
"849",99.0434838493864,"Rio de Janeiro","201406"
"850",101.663542386465,"Rio de Janeiro","201407"
"851",95.5492851223116,"Rio de Janeiro","201408"
"852",92.0150314218365,"Rio de Janeiro","201409"
"853",92.7394316841892,"Rio de Janeiro","201410"
"854",95.318820810069,"Rio de Janeiro","201411"
"855",95.2114993851111,"Rio de Janeiro","201412"
"856",95.4396507797438,"Rio de Janeiro","201501"
"857",84.5358977430955,"Rio de Janeiro","201502"
"858",89.0421399139199,"Rio de Janeiro","201503"
"859",91.7577828331192,"Rio de Janeiro","201504"
"860",89.9834338587914,"Rio de Janeiro","201505"
"861",90.9434838493864,"Rio de Janeiro","201506"
"862",88.063542386465,"Rio de Janeiro","201507"
"863",87.5492851223116,"Rio de Janeiro","201508"
"864",78.3150314218365,"Rio de Janeiro","201509"
"865",75.8394316841892,"Rio de Janeiro","201510"
"866",78.318820810069,"Rio de Janeiro","201511"
"867",79.9114993851111,"Rio de Janeiro","201512"
"868",78.7396507797438,"Rio de Janeiro","201601"
"869",80.1358977430955,"Rio de Janeiro","201602"
"870",80.4421399139199,"Rio de Janeiro","201603"
"871",84.8577828331192,"Rio de Janeiro","201604"
"872",80.4834338587914,"Rio de Janeiro","201605"
"873",85.9434838493864,"Rio de Janeiro","201606"
"874",80.763542386465,"Rio de Janeiro","201607"
"875",81.3492851223116,"Rio de Janeiro","201608"
"876",75.1150314218365,"Rio de Janeiro","201609"
"877",78.9394316841892,"Rio de Janeiro","201610"
"878",80.918820810069,"Rio de Janeiro","201611"
"879",78.8114993851111,"Rio de Janeiro","201612"
"880",80.1396507797438,"Rio de Janeiro","201701"
"881",81.8358977430955,"Rio de Janeiro","201702"
"882",85.0421399139199,"Rio de Janeiro","201703"
"883",84.1577828331192,"Rio de Janeiro","201704"
"884",81.8834338587914,"Rio de Janeiro","201705"
"885",85.0434838493864,"Rio de Janeiro","201706"
"886",73.263542386465,"Rio de Janeiro","201707"
"887",83.2492851223116,"Rio de Janeiro","201708"
"888",89.9150314218365,"Rio de Janeiro","201709"
"889",90.9394316841892,"Rio de Janeiro","201710"
"890",88.418820810069,"Rio de Janeiro","201711"
"891",90.2114993851111,"Rio de Janeiro","201712"
"892",88.1396507797438,"Rio de Janeiro","201801"
"893",85.7358977430955,"Rio de Janeiro","201802"
"894",83.1421399139199,"Rio de Janeiro","201803"
"895",93.1577828331192,"Rio de Janeiro","201804"
"896",83.9834338587914,"Rio de Janeiro","201805"
"897",90.5434838493864,"Rio de Janeiro","201806"
"898",88.963542386465,"Rio de Janeiro","201807"
"899",90.0492851223116,"Rio de Janeiro","201808"
"900",88.5150314218365,"Rio de Janeiro","201809"
"901",88.8394316841892,"Rio de Janeiro","201810"
"902",82.818820810069,"Rio de Janeiro","201811"
"903",87.7114993851111,"Rio de Janeiro","201812"
"904",85.9396507797438,"Rio de Janeiro","201901"
"905",86.1358977430955,"Rio de Janeiro","201902"
"906",80.2421399139199,"Rio de Janeiro","201903"
"907",80.7577828331192,"Rio de Janeiro","201904"
"908",85.9834338587914,"Rio de Janeiro","201905"
"909",81.4434838493864,"Rio de Janeiro","201906"
"910",86.363542386465,"Rio de Janeiro","201907"
"911",81.5492851223116,"Rio de Janeiro","201908"
"912",86.1150314218365,"Rio de Janeiro","201909"
"913",86.8394316841892,"Rio de Janeiro","201910"
"914",86.718820810069,"Rio de Janeiro","201911"
"915",80.9114993851111,"Rio de Janeiro","201912"
"916",86.1396507797438,"Rio de Janeiro","202001"
"917",87.6358977430955,"Rio de Janeiro","202002"
"918",83.8421399139199,"Rio de Janeiro","202003"
"919",64.9577828331192,"Rio de Janeiro","202004"
"920",72.2834338587914,"Rio de Janeiro","202005"
"921",70.5434838493864,"Rio de Janeiro","202006"
"922",78.363542386465,"Rio de Janeiro","202007"
"923",81.9492851223116,"Rio de Janeiro","202008"
"924",82.3150314218365,"Rio de Janeiro","202009"
"925",76.0394316841892,"Rio de Janeiro","202010"
"926",81.218820810069,"Rio de Janeiro","202011"
"927",82.6114993851111,"Rio de Janeiro","202012"
"928",82.6396507797438,"Rio de Janeiro","202101"
"929",84.2358977430955,"Rio de Janeiro","202102"
"930",78.1421399139199,"Rio de Janeiro","202103"
"931",77.3577828331192,"Rio de Janeiro","202104"
"932",87.2834338587914,"Rio de Janeiro","202105"
"933",89.8434838493864,"Rio de Janeiro","202106"
"934",85.563542386465,"Rio de Janeiro","202107"
"935",86.0492851223116,"Rio de Janeiro","202108"
"936",90.5150314218365,"Rio de Janeiro","202109"
"937",96.9373413630202,"São Paulo","201201"
"938",98.8635982123031,"São Paulo","201202"
"939",102.68985509726,"São Paulo","201203"
"940",96.2894404238067,"São Paulo","201204"
"941",99.5790323703051,"São Paulo","201205"
"942",94.439103938308,"São Paulo","201206"
"943",99.5391804811874,"São Paulo","201207"
"944",104.061260124719,"São Paulo","201208"
"945",98.2533374294655,"São Paulo","201209"
"946",103.66523308241,"São Paulo","201210"
"947",103.114762959474,"São Paulo","201211"
"948",102.467854527078,"São Paulo","201212"
"949",103.13734136302,"São Paulo","201301"
"950",98.3635982123031,"São Paulo","201302"
"951",101.48985509726,"São Paulo","201303"
"952",109.089440423807,"São Paulo","201304"
"953",105.579032370305,"São Paulo","201305"
"954",102.039103938308,"São Paulo","201306"
"955",102.839180481187,"São Paulo","201307"
"956",105.761260124719,"São Paulo","201308"
"957",104.453337429465,"São Paulo","201309"
"958",103.46523308241,"São Paulo","201310"
"959",104.414762959474,"São Paulo","201311"
"960",97.9678545270776,"São Paulo","201312"
"961",98.0373413630202,"São Paulo","201401"
"962",99.4635982123031,"São Paulo","201402"
"963",96.5898550972602,"São Paulo","201403"
"964",100.089440423807,"São Paulo","201404"
"965",101.879032370305,"São Paulo","201405"
"966",95.939103938308,"São Paulo","201406"
"967",96.1391804811874,"São Paulo","201407"
"968",95.6612601247191,"São Paulo","201408"
"969",96.6533374294655,"São Paulo","201409"
"970",97.4652330824102,"São Paulo","201410"
"971",92.8147629594738,"São Paulo","201411"
"972",91.3678545270776,"São Paulo","201412"
"973",93.0373413630202,"São Paulo","201501"
"974",91.5635982123031,"São Paulo","201502"
"975",93.6898550972602,"São Paulo","201503"
"976",89.4894404238067,"São Paulo","201504"
"977",87.3790323703051,"São Paulo","201505"
"978",86.939103938308,"São Paulo","201506"
"979",83.0391804811874,"São Paulo","201507"
"980",81.8612601247191,"São Paulo","201508"
"981",82.1533374294655,"São Paulo","201509"
"982",83.4652330824102,"São Paulo","201510"
"983",80.2147629594737,"São Paulo","201511"
"984",81.5678545270776,"São Paulo","201512"
"985",80.3373413630202,"São Paulo","201601"
"986",81.9635982123031,"São Paulo","201602"
"987",82.1898550972602,"São Paulo","201603"
"988",87.9894404238067,"São Paulo","201604"
"989",82.5790323703051,"São Paulo","201605"
"990",84.439103938308,"São Paulo","201606"
"991",81.6391804811874,"São Paulo","201607"
"992",79.2612601247191,"São Paulo","201608"
"993",82.4533374294655,"São Paulo","201609"
"994",77.3652330824102,"São Paulo","201610"
"995",81.0147629594738,"São Paulo","201611"
"996",81.0678545270776,"São Paulo","201612"
"997",81.4373413630202,"São Paulo","201701"
"998",80.7635982123031,"São Paulo","201702"
"999",83.3898550972602,"São Paulo","201703"
"1000",80.4894404238067,"São Paulo","201704"
"1001",86.3790323703051,"São Paulo","201705"
"1002",87.939103938308,"São Paulo","201706"
"1003",85.4391804811874,"São Paulo","201707"
"1004",85.2612601247191,"São Paulo","201708"
"1005",87.1533374294655,"São Paulo","201709"
"1006",83.5652330824102,"São Paulo","201710"
"1007",86.9147629594737,"São Paulo","201711"
"1008",87.8678545270776,"São Paulo","201712"
"1009",86.4373413630202,"São Paulo","201801"
"1010",83.5635982123031,"São Paulo","201802"
"1011",86.8898550972602,"São Paulo","201803"
"1012",91.8894404238067,"São Paulo","201804"
"1013",81.9790323703051,"São Paulo","201805"
"1014",90.839103938308,"São Paulo","201806"
"1015",88.2391804811874,"São Paulo","201807"
"1016",86.1612601247191,"São Paulo","201808"
"1017",80.6533374294655,"São Paulo","201809"
"1018",80.8652330824102,"São Paulo","201810"
"1019",83.8147629594738,"São Paulo","201811"
"1020",83.7678545270776,"São Paulo","201812"
"1021",82.7373413630202,"São Paulo","201901"
"1022",87.5635982123031,"São Paulo","201902"
"1023",80.7898550972602,"São Paulo","201903"
"1024",89.8894404238067,"São Paulo","201904"
"1025",91.8790323703051,"São Paulo","201905"
"1026",85.839103938308,"São Paulo","201906"
"1027",85.8391804811874,"São Paulo","201907"
"1028",86.6612601247191,"São Paulo","201908"
"1029",83.8533374294655,"São Paulo","201909"
"1030",85.2652330824102,"São Paulo","201910"
"1031",82.0147629594738,"São Paulo","201911"
"1032",82.1678545270777,"São Paulo","201912"
"1033",84.2373413630202,"São Paulo","202001"
"1034",84.1635982123031,"São Paulo","202002"
"1035",76.9898550972602,"São Paulo","202003"
"1036",61.7894404238067,"São Paulo","202004"
"1037",66.2790323703051,"São Paulo","202005"
"1038",75.239103938308,"São Paulo","202006"
"1039",82.5391804811874,"São Paulo","202007"
"1040",81.4612601247191,"São Paulo","202008"
"1041",88.4533374294655,"São Paulo","202009"
"1042",86.1652330824102,"São Paulo","202010"
"1043",85.8147629594738,"São Paulo","202011"
"1044",90.3678545270776,"São Paulo","202012"
"1045",88.2373413630202,"São Paulo","202101"
"1046",87.2635982123031,"São Paulo","202102"
"1047",87.7898550972602,"São Paulo","202103"
"1048",84.6894404238067,"São Paulo","202104"
"1049",87.3790323703051,"São Paulo","202105"
"1050",86.439103938308,"São Paulo","202106"
"1051",84.0391804811874,"São Paulo","202107"
"1052",82.0612601247191,"São Paulo","202108"
"1053",83.0533374294655,"São Paulo","202109"
"1054",99.8214480558234,"Paraná","201201"
"1055",99.9714656237054,"Paraná","201202"
"1056",100.731484460078,"Paraná","201203"
"1057",98.9610960932209,"Paraná","201204"
"1058",104.920715036062,"Paraná","201205"
"1059",100.336731306723,"Paraná","201206"
"1060",99.492755806742,"Paraná","201207"
"1061",103.698257173236,"Paraná","201208"
"1062",97.3937567242002,"Paraná","201209"
"1063",100.583365739838,"Paraná","201210"
"1064",97.9777530324434,"Paraná","201211"
"1065",96.2111716740088,"Paraná","201212"
"1066",99.2214480558234,"Paraná","201301"
"1067",94.5714656237054,"Paraná","201302"
"1068",99.0314844600779,"Paraná","201303"
"1069",110.961096093221,"Paraná","201304"
"1070",106.920715036062,"Paraná","201305"
"1071",102.636731306723,"Paraná","201306"
"1072",103.992755806742,"Paraná","201307"
"1073",108.298257173236,"Paraná","201308"
"1074",104.4937567242,"Paraná","201309"
"1075",106.683365739838,"Paraná","201310"
"1076",104.877753032443,"Paraná","201311"
"1077",94.2111716740088,"Paraná","201312"
"1078",102.321448055823,"Paraná","201401"
"1079",103.571465623705,"Paraná","201402"
"1080",96.0314844600779,"Paraná","201403"
"1081",97.1610960932209,"Paraná","201404"
"1082",101.420715036062,"Paraná","201405"
"1083",88.136731306723,"Paraná","201406"
"1084",97.192755806742,"Paraná","201407"
"1085",96.3982571732365,"Paraná","201408"
"1086",96.4937567242002,"Paraná","201409"
"1087",98.583365739838,"Paraná","201410"
"1088",97.0777530324434,"Paraná","201411"
"1089",98.1111716740088,"Paraná","201412"
"1090",92.5214480558234,"Paraná","201501"
"1091",90.1714656237054,"Paraná","201502"
"1092",91.8314844600779,"Paraná","201503"
"1093",95.4610960932209,"Paraná","201504"
"1094",91.8207150360624,"Paraná","201505"
"1095",94.536731306723,"Paraná","201506"
"1096",85.792755806742,"Paraná","201507"
"1097",84.3982571732365,"Paraná","201508"
"1098",89.8937567242002,"Paraná","201509"
"1099",84.183365739838,"Paraná","201510"
"1100",83.4777530324434,"Paraná","201511"
"1101",85.3111716740088,"Paraná","201512"
"1102",82.5214480558234,"Paraná","201601"
"1103",83.5714656237054,"Paraná","201602"
"1104",86.2314844600779,"Paraná","201603"
"1105",88.9610960932209,"Paraná","201604"
"1106",82.3207150360624,"Paraná","201605"
"1107",89.236731306723,"Paraná","201606"
"1108",85.692755806742,"Paraná","201607"
"1109",81.4982571732365,"Paraná","201608"
"1110",81.1937567242002,"Paraná","201609"
"1111",82.183365739838,"Paraná","201610"
"1112",88.7777530324434,"Paraná","201611"
"1113",89.9111716740088,"Paraná","201612"
"1114",88.1214480558234,"Paraná","201701"
"1115",87.9714656237054,"Paraná","201702"
"1116",91.3314844600779,"Paraná","201703"
"1117",85.3610960932209,"Paraná","201704"
"1118",90.0207150360624,"Paraná","201705"
"1119",90.436731306723,"Paraná","201706"
"1120",88.692755806742,"Paraná","201707"
"1121",89.3982571732365,"Paraná","201708"
"1122",88.9937567242002,"Paraná","201709"
"1123",86.183365739838,"Paraná","201710"
"1124",91.6777530324433,"Paraná","201711"
"1125",89.8111716740088,"Paraná","201712"
"1126",85.4214480558234,"Paraná","201801"
"1127",86.4714656237054,"Paraná","201802"
"1128",88.1314844600779,"Paraná","201803"
"1129",95.4610960932209,"Paraná","201804"
"1130",78.9207150360624,"Paraná","201805"
"1131",99.036731306723,"Paraná","201806"
"1132",94.792755806742,"Paraná","201807"
"1133",95.9982571732365,"Paraná","201808"
"1134",89.3937567242002,"Paraná","201809"
"1135",87.383365739838,"Paraná","201810"
"1136",91.4777530324434,"Paraná","201811"
"1137",90.3111716740088,"Paraná","201812"
"1138",93.2214480558234,"Paraná","201901"
"1139",95.8714656237054,"Paraná","201902"
"1140",90.3314844600779,"Paraná","201903"
"1141",97.4610960932209,"Paraná","201904"
"1142",101.320715036062,"Paraná","201905"
"1143",95.036731306723,"Paraná","201906"
"1144",99.992755806742,"Paraná","201907"
"1145",97.8982571732365,"Paraná","201908"
"1146",96.3937567242002,"Paraná","201909"
"1147",96.683365739838,"Paraná","201910"
"1148",88.2777530324434,"Paraná","201911"
"1149",92.2111716740088,"Paraná","201912"
"1150",95.5214480558234,"Paraná","202001"
"1151",98.9714656237054,"Paraná","202002"
"1152",91.8314844600779,"Paraná","202003"
"1153",68.8610960932209,"Paraná","202004"
"1154",82.9207150360624,"Paraná","202005"
"1155",88.636731306723,"Paraná","202006"
"1156",90.192755806742,"Paraná","202007"
"1157",88.8982571732365,"Paraná","202008"
"1158",99.6937567242002,"Paraná","202009"
"1159",101.783365739838,"Paraná","202010"
"1160",100.677753032443,"Paraná","202011"
"1161",107.611171674009,"Paraná","202012"
"1162",105.221448055823,"Paraná","202101"
"1163",102.171465623705,"Paraná","202102"
"1164",107.231484460078,"Paraná","202103"
"1165",104.161096093221,"Paraná","202104"
"1166",102.320715036062,"Paraná","202105"
"1167",95.336731306723,"Paraná","202106"
"1168",97.992755806742,"Paraná","202107"
"1169",97.6982571732365,"Paraná","202108"
"1170",100.5937567242,"Paraná","202109"
"1171",98.1465602525633,"Santa Catarina","201201"
"1172",102.680571695445,"Santa Catarina","201202"
"1173",102.38458064494,"Santa Catarina","201203"
"1174",99.675232119203,"Santa Catarina","201204"
"1175",105.095886978756,"Santa Catarina","201205"
"1176",99.0407206475134,"Santa Catarina","201206"
"1177",99.5155601196354,"Santa Catarina","201207"
"1178",100.846323049819,"Santa Catarina","201208"
"1179",94.6170866301095,"Santa Catarina","201209"
"1180",96.5281549160651,"Santa Catarina","201210"
"1181",100.608669520226,"Santa Catarina","201211"
"1182",100.760653748856,"Santa Catarina","201212"
"1183",101.746560252563,"Santa Catarina","201301"
"1184",98.5805716954448,"Santa Catarina","201302"
"1185",96.1845806449401,"Santa Catarina","201303"
"1186",108.975232119203,"Santa Catarina","201304"
"1187",103.995886978756,"Santa Catarina","201305"
"1188",102.340720647513,"Santa Catarina","201306"
"1189",104.215560119635,"Santa Catarina","201307"
"1190",103.046323049819,"Santa Catarina","201308"
"1191",100.31708663011,"Santa Catarina","201309"
"1192",104.128154916065,"Santa Catarina","201310"
"1193",100.108669520226,"Santa Catarina","201311"
"1194",97.1606537488555,"Santa Catarina","201312"
"1195",99.9465602525633,"Santa Catarina","201401"
"1196",101.080571695445,"Santa Catarina","201402"
"1197",99.8845806449401,"Santa Catarina","201403"
"1198",101.675232119203,"Santa Catarina","201404"
"1199",103.795886978756,"Santa Catarina","201405"
"1200",94.5407206475134,"Santa Catarina","201406"
"1201",101.815560119635,"Santa Catarina","201407"
"1202",95.946323049819,"Santa Catarina","201408"
"1203",102.31708663011,"Santa Catarina","201409"
"1204",100.328154916065,"Santa Catarina","201410"
"1205",94.4086695202261,"Santa Catarina","201411"
"1206",94.7606537488555,"Santa Catarina","201412"
"1207",94.0465602525633,"Santa Catarina","201501"
"1208",90.4805716954448,"Santa Catarina","201502"
"1209",96.0845806449401,"Santa Catarina","201503"
"1210",95.175232119203,"Santa Catarina","201504"
"1211",93.5958869787563,"Santa Catarina","201505"
"1212",94.8407206475134,"Santa Catarina","201506"
"1213",91.3155601196354,"Santa Catarina","201507"
"1214",88.1463230498189,"Santa Catarina","201508"
"1215",89.1170866301095,"Santa Catarina","201509"
"1216",86.8281549160651,"Santa Catarina","201510"
"1217",88.0086695202261,"Santa Catarina","201511"
"1218",86.4606537488555,"Santa Catarina","201512"
"1219",83.4465602525633,"Santa Catarina","201601"
"1220",86.2805716954448,"Santa Catarina","201602"
"1221",88.3845806449401,"Santa Catarina","201603"
"1222",90.775232119203,"Santa Catarina","201604"
"1223",87.6958869787563,"Santa Catarina","201605"
"1224",96.1407206475133,"Santa Catarina","201606"
"1225",86.3155601196354,"Santa Catarina","201607"
"1226",89.746323049819,"Santa Catarina","201608"
"1227",90.2170866301095,"Santa Catarina","201609"
"1228",82.0281549160651,"Santa Catarina","201610"
"1229",86.4086695202261,"Santa Catarina","201611"
"1230",90.5606537488555,"Santa Catarina","201612"
"1231",88.0465602525633,"Santa Catarina","201701"
"1232",89.8805716954448,"Santa Catarina","201702"
"1233",93.7845806449401,"Santa Catarina","201703"
"1234",87.075232119203,"Santa Catarina","201704"
"1235",95.6958869787563,"Santa Catarina","201705"
"1236",95.1407206475133,"Santa Catarina","201706"
"1237",90.7155601196354,"Santa Catarina","201707"
"1238",94.746323049819,"Santa Catarina","201708"
"1239",92.3170866301095,"Santa Catarina","201709"
"1240",90.4281549160651,"Santa Catarina","201710"
"1241",93.9086695202261,"Santa Catarina","201711"
"1242",94.1606537488555,"Santa Catarina","201712"
"1243",96.0465602525633,"Santa Catarina","201801"
"1244",93.4805716954448,"Santa Catarina","201802"
"1245",94.7845806449401,"Santa Catarina","201803"
"1246",99.775232119203,"Santa Catarina","201804"
"1247",87.9958869787563,"Santa Catarina","201805"
"1248",98.5407206475134,"Santa Catarina","201806"
"1249",98.4155601196354,"Santa Catarina","201807"
"1250",99.8463230498189,"Santa Catarina","201808"
"1251",91.7170866301095,"Santa Catarina","201809"
"1252",98.6281549160651,"Santa Catarina","201810"
"1253",98.7086695202261,"Santa Catarina","201811"
"1254",93.8606537488555,"Santa Catarina","201812"
"1255",97.7465602525633,"Santa Catarina","201901"
"1256",96.6805716954448,"Santa Catarina","201902"
"1257",97.8845806449401,"Santa Catarina","201903"
"1258",102.775232119203,"Santa Catarina","201904"
"1259",105.895886978756,"Santa Catarina","201905"
"1260",96.5407206475134,"Santa Catarina","201906"
"1261",99.0155601196354,"Santa Catarina","201907"
"1262",96.546323049819,"Santa Catarina","201908"
"1263",96.6170866301095,"Santa Catarina","201909"
"1264",97.7281549160651,"Santa Catarina","201910"
"1265",94.9086695202261,"Santa Catarina","201911"
"1266",94.9606537488555,"Santa Catarina","201912"
"1267",97.3465602525633,"Santa Catarina","202001"
"1268",98.3805716954448,"Santa Catarina","202002"
"1269",81.7845806449401,"Santa Catarina","202003"
"1270",72.075232119203,"Santa Catarina","202004"
"1271",75.8958869787563,"Santa Catarina","202005"
"1272",84.6407206475133,"Santa Catarina","202006"
"1273",93.7155601196354,"Santa Catarina","202007"
"1274",95.246323049819,"Santa Catarina","202008"
"1275",104.117086630109,"Santa Catarina","202009"
"1276",105.928154916065,"Santa Catarina","202010"
"1277",105.808669520226,"Santa Catarina","202011"
"1278",109.960653748856,"Santa Catarina","202012"
"1279",106.846560252563,"Santa Catarina","202101"
"1280",105.780571695445,"Santa Catarina","202102"
"1281",112.08458064494,"Santa Catarina","202103"
"1282",105.875232119203,"Santa Catarina","202104"
"1283",104.795886978756,"Santa Catarina","202105"
"1284",103.440720647513,"Santa Catarina","202106"
"1285",100.915560119635,"Santa Catarina","202107"
"1286",102.446323049819,"Santa Catarina","202108"
"1287",105.81708663011,"Santa Catarina","202109"
"1288",101.470111192638,"Rio Grande do Sul","201201"
"1289",96.1471078262002,"Rio Grande do Sul","201202"
"1290",103.184103429107,"Rio Grande do Sul","201203"
"1291",101.031125878127,"Rio Grande do Sul","201204"
"1292",106.188150261599,"Rio Grande do Sul","201205"
"1293",99.0349544034158,"Rio Grande do Sul","201206"
"1294",98.2717605946465,"Rio Grande do Sul","201207"
"1295",102.799021086015,"Rio Grande do Sul","201208"
"1296",94.7662821719947,"Rio Grande do Sul","201209"
"1297",98.2988366826777,"Rio Grande do Sul","201210"
"1298",101.259556071023,"Rio Grande do Sul","201211"
"1299",97.5489907051641,"Rio Grande do Sul","201212"
"1300",102.070111192638,"Rio Grande do Sul","201301"
"1301",102.1471078262,"Rio Grande do Sul","201302"
"1302",100.484103429107,"Rio Grande do Sul","201303"
"1303",116.431125878127,"Rio Grande do Sul","201304"
"1304",112.388150261599,"Rio Grande do Sul","201305"
"1305",109.834954403416,"Rio Grande do Sul","201306"
"1306",112.971760594646,"Rio Grande do Sul","201307"
"1307",109.499021086015,"Rio Grande do Sul","201308"
"1308",107.266282171995,"Rio Grande do Sul","201309"
"1309",111.998836682678,"Rio Grande do Sul","201310"
"1310",107.159556071023,"Rio Grande do Sul","201311"
"1311",98.8489907051641,"Rio Grande do Sul","201312"
"1312",104.670111192638,"Rio Grande do Sul","201401"
"1313",107.4471078262,"Rio Grande do Sul","201402"
"1314",102.384103429107,"Rio Grande do Sul","201403"
"1315",104.431125878127,"Rio Grande do Sul","201404"
"1316",103.988150261599,"Rio Grande do Sul","201405"
"1317",96.2349544034158,"Rio Grande do Sul","201406"
"1318",100.071760594646,"Rio Grande do Sul","201407"
"1319",101.499021086015,"Rio Grande do Sul","201408"
"1320",109.066282171995,"Rio Grande do Sul","201409"
"1321",106.598836682678,"Rio Grande do Sul","201410"
"1322",100.559556071023,"Rio Grande do Sul","201411"
"1323",98.7489907051641,"Rio Grande do Sul","201412"
"1324",91.4701111926375,"Rio Grande do Sul","201501"
"1325",90.9471078262002,"Rio Grande do Sul","201502"
"1326",98.7841034291071,"Rio Grande do Sul","201503"
"1327",96.6311258781273,"Rio Grande do Sul","201504"
"1328",91.288150261599,"Rio Grande do Sul","201505"
"1329",89.1349544034158,"Rio Grande do Sul","201506"
"1330",95.4717605946465,"Rio Grande do Sul","201507"
"1331",87.9990210860152,"Rio Grande do Sul","201508"
"1332",87.7662821719947,"Rio Grande do Sul","201509"
"1333",87.7988366826777,"Rio Grande do Sul","201510"
"1334",86.9595560710232,"Rio Grande do Sul","201511"
"1335",89.0489907051641,"Rio Grande do Sul","201512"
"1336",87.7701111926375,"Rio Grande do Sul","201601"
"1337",87.4471078262002,"Rio Grande do Sul","201602"
"1338",88.1841034291071,"Rio Grande do Sul","201603"
"1339",89.4311258781273,"Rio Grande do Sul","201604"
"1340",87.888150261599,"Rio Grande do Sul","201605"
"1341",91.2349544034158,"Rio Grande do Sul","201606"
"1342",83.1717605946465,"Rio Grande do Sul","201607"
"1343",88.2990210860152,"Rio Grande do Sul","201608"
"1344",87.2662821719947,"Rio Grande do Sul","201609"
"1345",83.6988366826777,"Rio Grande do Sul","201610"
"1346",85.6595560710232,"Rio Grande do Sul","201611"
"1347",91.9489907051641,"Rio Grande do Sul","201612"
"1348",84.7701111926375,"Rio Grande do Sul","201701"
"1349",88.1471078262002,"Rio Grande do Sul","201702"
"1350",95.1841034291071,"Rio Grande do Sul","201703"
"1351",85.8311258781273,"Rio Grande do Sul","201704"
"1352",94.988150261599,"Rio Grande do Sul","201705"
"1353",93.0349544034158,"Rio Grande do Sul","201706"
"1354",84.9717605946465,"Rio Grande do Sul","201707"
"1355",87.1990210860152,"Rio Grande do Sul","201708"
"1356",83.5662821719947,"Rio Grande do Sul","201709"
"1357",81.8988366826777,"Rio Grande do Sul","201710"
"1358",86.0595560710232,"Rio Grande do Sul","201711"
"1359",92.8489907051641,"Rio Grande do Sul","201712"
"1360",90.0701111926375,"Rio Grande do Sul","201801"
"1361",89.0471078262002,"Rio Grande do Sul","201802"
"1362",90.6841034291071,"Rio Grande do Sul","201803"
"1363",96.1311258781273,"Rio Grande do Sul","201804"
"1364",84.888150261599,"Rio Grande do Sul","201805"
"1365",94.6349544034158,"Rio Grande do Sul","201806"
"1366",96.2717605946465,"Rio Grande do Sul","201807"
"1367",99.4990210860152,"Rio Grande do Sul","201808"
"1368",94.3662821719947,"Rio Grande do Sul","201809"
"1369",95.8988366826777,"Rio Grande do Sul","201810"
"1370",97.3595560710232,"Rio Grande do Sul","201811"
"1371",91.8489907051641,"Rio Grande do Sul","201812"
"1372",96.0701111926375,"Rio Grande do Sul","201901"
"1373",95.1471078262002,"Rio Grande do Sul","201902"
"1374",94.6841034291071,"Rio Grande do Sul","201903"
"1375",100.931125878127,"Rio Grande do Sul","201904"
"1376",102.588150261599,"Rio Grande do Sul","201905"
"1377",97.3349544034158,"Rio Grande do Sul","201906"
"1378",98.1717605946465,"Rio Grande do Sul","201907"
"1379",93.3990210860152,"Rio Grande do Sul","201908"
"1380",93.7662821719947,"Rio Grande do Sul","201909"
"1381",94.1988366826777,"Rio Grande do Sul","201910"
"1382",91.9595560710232,"Rio Grande do Sul","201911"
"1383",90.4489907051641,"Rio Grande do Sul","201912"
"1384",95.2701111926375,"Rio Grande do Sul","202001"
"1385",96.0471078262002,"Rio Grande do Sul","202002"
"1386",81.3841034291071,"Rio Grande do Sul","202003"
"1387",64.8311258781273,"Rio Grande do Sul","202004"
"1388",73.888150261599,"Rio Grande do Sul","202005"
"1389",86.1349544034158,"Rio Grande do Sul","202006"
"1390",91.7717605946465,"Rio Grande do Sul","202007"
"1391",92.1990210860152,"Rio Grande do Sul","202008"
"1392",100.466282171995,"Rio Grande do Sul","202009"
"1393",97.4988366826777,"Rio Grande do Sul","202010"
"1394",100.459556071023,"Rio Grande do Sul","202011"
"1395",105.248990705164,"Rio Grande do Sul","202012"
"1396",102.470111192638,"Rio Grande do Sul","202101"
"1397",102.9471078262,"Rio Grande do Sul","202102"
"1398",99.8841034291071,"Rio Grande do Sul","202103"
"1399",99.1311258781273,"Rio Grande do Sul","202104"
"1400",96.688150261599,"Rio Grande do Sul","202105"
"1401",98.2349544034158,"Rio Grande do Sul","202106"
"1402",93.7717605946465,"Rio Grande do Sul","202107"
"1403",92.1990210860152,"Rio Grande do Sul","202108"
"1404",95.9662821719947,"Rio Grande do Sul","202109"
"1405",93.8431187466385,"Mato Grosso","201201"
"1406",109.232848020236,"Mato Grosso","201202"
"1407",111.512566309472,"Mato Grosso","201203"
"1408",112.645623988918,"Mato Grosso","201204"
"1409",110.288679242363,"Mato Grosso","201205"
"1410",100.597293986992,"Mato Grosso","201206"
"1411",98.6959094887574,"Mato Grosso","201207"
"1412",100.110748443447,"Mato Grosso","201208"
"1413",94.2155874734561,"Mato Grosso","201209"
"1414",90.418302199779,"Mato Grosso","201210"
"1415",91.9091961728025,"Mato Grosso","201211"
"1416",86.4301260241497,"Mato Grosso","201212"
"1417",99.3431187466385,"Mato Grosso","201301"
"1418",93.332848020236,"Mato Grosso","201302"
"1419",100.712566309472,"Mato Grosso","201303"
"1420",107.345623988918,"Mato Grosso","201304"
"1421",105.988679242363,"Mato Grosso","201305"
"1422",101.897293986992,"Mato Grosso","201306"
"1423",97.5959094887574,"Mato Grosso","201307"
"1424",100.110748443447,"Mato Grosso","201308"
"1425",101.515587473456,"Mato Grosso","201309"
"1426",105.218302199779,"Mato Grosso","201310"
"1427",102.209196172803,"Mato Grosso","201311"
"1428",97.1301260241497,"Mato Grosso","201312"
"1429",98.9431187466385,"Mato Grosso","201401"
"1430",102.232848020236,"Mato Grosso","201402"
"1431",100.112566309472,"Mato Grosso","201403"
"1432",110.645623988918,"Mato Grosso","201404"
"1433",109.188679242363,"Mato Grosso","201405"
"1434",100.497293986992,"Mato Grosso","201406"
"1435",108.295909488757,"Mato Grosso","201407"
"1436",105.510748443447,"Mato Grosso","201408"
"1437",104.215587473456,"Mato Grosso","201409"
"1438",110.118302199779,"Mato Grosso","201410"
"1439",109.109196172803,"Mato Grosso","201411"
"1440",103.93012602415,"Mato Grosso","201412"
"1441",104.243118746638,"Mato Grosso","201501"
"1442",99.432848020236,"Mato Grosso","201502"
"1443",105.212566309472,"Mato Grosso","201503"
"1444",103.645623988918,"Mato Grosso","201504"
"1445",101.788679242363,"Mato Grosso","201505"
"1446",106.497293986992,"Mato Grosso","201506"
"1447",109.595909488757,"Mato Grosso","201507"
"1448",111.210748443447,"Mato Grosso","201508"
"1449",116.615587473456,"Mato Grosso","201509"
"1450",110.118302199779,"Mato Grosso","201510"
"1451",110.509196172803,"Mato Grosso","201511"
"1452",115.13012602415,"Mato Grosso","201512"
"1453",106.443118746638,"Mato Grosso","201601"
"1454",116.932848020236,"Mato Grosso","201602"
"1455",110.712566309472,"Mato Grosso","201603"
"1456",108.745623988918,"Mato Grosso","201604"
"1457",115.888679242363,"Mato Grosso","201605"
"1458",113.497293986992,"Mato Grosso","201606"
"1459",106.095909488757,"Mato Grosso","201607"
"1460",99.110748443447,"Mato Grosso","201608"
"1461",103.715587473456,"Mato Grosso","201609"
"1462",89.518302199779,"Mato Grosso","201610"
"1463",111.009196172803,"Mato Grosso","201611"
"1464",110.53012602415,"Mato Grosso","201612"
"1465",118.143118746638,"Mato Grosso","201701"
"1466",107.732848020236,"Mato Grosso","201702"
"1467",111.912566309472,"Mato Grosso","201703"
"1468",99.9456239889177,"Mato Grosso","201704"
"1469",113.188679242363,"Mato Grosso","201705"
"1470",113.097293986992,"Mato Grosso","201706"
"1471",108.595909488757,"Mato Grosso","201707"
"1472",115.710748443447,"Mato Grosso","201708"
"1473",108.715587473456,"Mato Grosso","201709"
"1474",116.918302199779,"Mato Grosso","201710"
"1475",113.609196172803,"Mato Grosso","201711"
"1476",117.23012602415,"Mato Grosso","201712"
"1477",118.843118746638,"Mato Grosso","201801"
"1478",105.332848020236,"Mato Grosso","201802"
"1479",115.112566309472,"Mato Grosso","201803"
"1480",112.145623988918,"Mato Grosso","201804"
"1481",96.3886792423627,"Mato Grosso","201805"
"1482",111.997293986992,"Mato Grosso","201806"
"1483",114.295909488757,"Mato Grosso","201807"
"1484",118.310748443447,"Mato Grosso","201808"
"1485",113.215587473456,"Mato Grosso","201809"
"1486",112.818302199779,"Mato Grosso","201810"
"1487",111.809196172803,"Mato Grosso","201811"
"1488",114.73012602415,"Mato Grosso","201812"
"1489",115.843118746638,"Mato Grosso","201901"
"1490",107.732848020236,"Mato Grosso","201902"
"1491",102.212566309472,"Mato Grosso","201903"
"1492",108.445623988918,"Mato Grosso","201904"
"1493",103.988679242363,"Mato Grosso","201905"
"1494",95.9972939869924,"Mato Grosso","201906"
"1495",109.895909488757,"Mato Grosso","201907"
"1496",108.710748443447,"Mato Grosso","201908"
"1497",110.615587473456,"Mato Grosso","201909"
"1498",116.218302199779,"Mato Grosso","201910"
"1499",112.309196172803,"Mato Grosso","201911"
"1500",103.63012602415,"Mato Grosso","201912"
"1501",109.843118746638,"Mato Grosso","202001"
"1502",109.932848020236,"Mato Grosso","202002"
"1503",99.9125663094721,"Mato Grosso","202003"
"1504",96.8456239889177,"Mato Grosso","202004"
"1505",100.388679242363,"Mato Grosso","202005"
"1506",108.597293986992,"Mato Grosso","202006"
"1507",102.195909488757,"Mato Grosso","202007"
"1508",97.810748443447,"Mato Grosso","202008"
"1509",104.315587473456,"Mato Grosso","202009"
"1510",102.618302199779,"Mato Grosso","202010"
"1511",90.3091961728025,"Mato Grosso","202011"
"1512",103.43012602415,"Mato Grosso","202012"
"1513",93.6431187466385,"Mato Grosso","202101"
"1514",105.932848020236,"Mato Grosso","202102"
"1515",99.1125663094721,"Mato Grosso","202103"
"1516",95.2456239889177,"Mato Grosso","202104"
"1517",97.6886792423626,"Mato Grosso","202105"
"1518",101.597293986992,"Mato Grosso","202106"
"1519",98.4959094887574,"Mato Grosso","202107"
"1520",96.410748443447,"Mato Grosso","202108"
"1521",95.1155874734561,"Mato Grosso","202109"
"1522",101.340894860982,"Goiás","201201"
"1523",103.858336153894,"Goiás","201202"
"1524",107.09578079246,"Goiás","201203"
"1525",100.279298619787,"Goiás","201204"
"1526",104.562821826317,"Goiás","201205"
"1527",93.0888847689456,"Goiás","201206"
"1528",91.4049538598052,"Goiás","201207"
"1529",93.0567271179962,"Goiás","201208"
"1530",92.7585014068401,"Goiás","201209"
"1531",100.638960126512,"Goiás","201210"
"1532",109.654303522128,"Goiás","201211"
"1533",102.160532749169,"Goiás","201212"
"1534",118.740894860982,"Goiás","201301"
"1535",110.658336153894,"Goiás","201302"
"1536",114.69578079246,"Goiás","201303"
"1537",113.379298619787,"Goiás","201304"
"1538",100.262821826317,"Goiás","201305"
"1539",96.1888847689456,"Goiás","201306"
"1540",93.8049538598053,"Goiás","201307"
"1541",94.0567271179962,"Goiás","201308"
"1542",96.7585014068401,"Goiás","201309"
"1543",101.838960126512,"Goiás","201310"
"1544",110.054303522128,"Goiás","201311"
"1545",121.960532749169,"Goiás","201312"
"1546",113.140894860982,"Goiás","201401"
"1547",114.558336153894,"Goiás","201402"
"1548",108.49578079246,"Goiás","201403"
"1549",111.579298619787,"Goiás","201404"
"1550",110.262821826317,"Goiás","201405"
"1551",108.488884768946,"Goiás","201406"
"1552",103.204953859805,"Goiás","201407"
"1553",109.456727117996,"Goiás","201408"
"1554",111.95850140684,"Goiás","201409"
"1555",117.638960126512,"Goiás","201410"
"1556",123.354303522128,"Goiás","201411"
"1557",116.660532749169,"Goiás","201412"
"1558",112.440894860982,"Goiás","201501"
"1559",111.458336153894,"Goiás","201502"
"1560",117.29578079246,"Goiás","201503"
"1561",114.079298619787,"Goiás","201504"
"1562",113.662821826317,"Goiás","201505"
"1563",112.188884768946,"Goiás","201506"
"1564",113.304953859805,"Goiás","201507"
"1565",113.456727117996,"Goiás","201508"
"1566",112.65850140684,"Goiás","201509"
"1567",111.638960126512,"Goiás","201510"
"1568",114.554303522128,"Goiás","201511"
"1569",114.460532749169,"Goiás","201512"
"1570",101.840894860982,"Goiás","201601"
"1571",109.458336153894,"Goiás","201602"
"1572",106.19578079246,"Goiás","201603"
"1573",116.079298619787,"Goiás","201604"
"1574",117.162821826317,"Goiás","201605"
"1575",119.388884768946,"Goiás","201606"
"1576",119.504953859805,"Goiás","201607"
"1577",116.856727117996,"Goiás","201608"
"1578",112.55850140684,"Goiás","201609"
"1579",104.738960126512,"Goiás","201610"
"1580",101.254303522128,"Goiás","201611"
"1581",106.660532749169,"Goiás","201612"
"1582",109.540894860982,"Goiás","201701"
"1583",112.558336153894,"Goiás","201702"
"1584",112.89578079246,"Goiás","201703"
"1585",107.979298619787,"Goiás","201704"
"1586",117.062821826317,"Goiás","201705"
"1587",119.388884768946,"Goiás","201706"
"1588",119.404953859805,"Goiás","201707"
"1589",120.056727117996,"Goiás","201708"
"1590",121.35850140684,"Goiás","201709"
"1591",119.038960126512,"Goiás","201710"
"1592",119.554303522128,"Goiás","201711"
"1593",112.260532749169,"Goiás","201712"
"1594",110.940894860982,"Goiás","201801"
"1595",110.358336153894,"Goiás","201802"
"1596",110.49578079246,"Goiás","201803"
"1597",113.579298619787,"Goiás","201804"
"1598",97.6628218263169,"Goiás","201805"
"1599",114.888884768946,"Goiás","201806"
"1600",114.104953859805,"Goiás","201807"
"1601",116.156727117996,"Goiás","201808"
"1602",114.05850140684,"Goiás","201809"
"1603",108.638960126512,"Goiás","201810"
"1604",101.754303522128,"Goiás","201811"
"1605",111.460532749169,"Goiás","201812"
"1606",115.240894860982,"Goiás","201901"
"1607",113.958336153894,"Goiás","201902"
"1608",110.49578079246,"Goiás","201903"
"1609",109.679298619787,"Goiás","201904"
"1610",114.762821826317,"Goiás","201905"
"1611",111.188884768946,"Goiás","201906"
"1612",115.004953859805,"Goiás","201907"
"1613",113.756727117996,"Goiás","201908"
"1614",115.15850140684,"Goiás","201909"
"1615",123.538960126512,"Goiás","201910"
"1616",112.754303522128,"Goiás","201911"
"1617",110.560532749169,"Goiás","201912"
"1618",114.540894860982,"Goiás","202001"
"1619",112.358336153894,"Goiás","202002"
"1620",110.79578079246,"Goiás","202003"
"1621",115.079298619787,"Goiás","202004"
"1622",118.062821826317,"Goiás","202005"
"1623",122.088884768946,"Goiás","202006"
"1624",124.604953859805,"Goiás","202007"
"1625",121.156727117996,"Goiás","202008"
"1626",124.65850140684,"Goiás","202009"
"1627",112.838960126512,"Goiás","202010"
"1628",108.254303522128,"Goiás","202011"
"1629",106.760532749169,"Goiás","202012"
"1630",106.740894860982,"Goiás","202101"
"1631",107.258336153894,"Goiás","202102"
"1632",109.99578079246,"Goiás","202103"
"1633",107.979298619787,"Goiás","202104"
"1634",117.462821826317,"Goiás","202105"
"1635",114.488884768946,"Goiás","202106"
"1636",117.504953859805,"Goiás","202107"
"1637",113.956727117996,"Goiás","202108"
"1638",110.15850140684,"Goiás","202109"
