Date,CPI,CPICORE,CURR,D_S,DATE,DEFLATOR,DS,E,FFR,FINISHED,INDPROD,M1NSA,M2NSA,M2SA,POTENT,PPINSA,R10,R5,RGDP,S,S_F,S_F01,S_F02,S_F03,SF,SF1,SF2,SF3,SF4,TB1YR,TBILL,UNEMP,EQ01,EQ02,EQ03,EQ04,GRAPH01,GRAPH02,GROUP01,VEC
1960-01-01,29.4,18.92,31.83,0,715509,18.521,1e-37,-0.66866802382174,3.93,33.2,23.93,140.53,299.4,896.1,2824.2,31.67,4.49,4.64,2845.3,0.77,1e-37,0.77,0.77,0.77,1e-37,0.77,1e-37,1e-37,1e-37,4.57,3.87,5.13,-4.5922981209418e-141,-1.29542528340492e-76,-5.85469173212854e-18,-1.09612622814705e+48,7.29112206199631e-304,7.29112206199631e-304,2.08600674257716e-308,0
1960-04-01,29.57,19,31.862,0,715600,18.579,0.54,-1.05430813306947,3.7,33.4,23.41,138.4,300.03,903.3,2851.2,31.73,4.26,4.3,2832,1.31,1e-37,1.31,1.31,1.31,1e-37,1.31,1e-37,1e-37,1e-37,3.87,2.99,5.23,1.1125369292536e-308,1.1125369292536e-308,1.1125369292536e-308,1.1125369292536e-308,2.66043347008199e+92,2.66043347008199e+92,1.1125392080775e-308,1.6688053938804e-308
1960-07-01,29.59,19.07,32.217,0,715691,18.648,4.44089209850063e-16,-0.775574057450581,2.94,33.43,23.02,139.6,305.5,919.4,2878.7,31.63,3.83,3.67,2836.6,1.31,1e-37,1.31,1.31,1.31,1e-37,1.31,1e-37,1e-37,1e-37,3.07,2.36,5.53,0,0,0,0,2.9353214961258e+35,2.9353214961258e+35,3.20417426115181e-306,1.11255178322414e-308
1960-10-01,29.78,19.14,32.624,0,715783,18.7,0.13,-0.930685228742931,2.3,33.67,22.47,142.67,312.3,932.8,2906.7,31.7,3.89,3.75,2800.2,1.44,1e-37,1.44,1.44,1.44,1e-37,1.44,1e-37,1e-37,1e-37,2.99,2.31,6.27,0,0,0,0,1.11253692925677e-308,8.23488042643288e+150,1.04769861717062e-250,1.11253692928841e-308
1961-01-01,29.84,19.17,32.073,0,715875,18.743,-0.15,-0.779503557147796,2,33.63,22.13,142.23,317.1,948.9,2934.8,31.8,3.79,3.64,2816.9,1.29,1e-37,1.29,1.29,1.29,1e-37,1.29,1e-37,1e-37,1e-37,2.87,2.35,6.8,5.56268464859931e-308,4.31108060186146e-308,3.61574502091606e-308,6.9533558104901e-308,0,1.11253692925362e-308,7.46369207856103e-68,1.39067116163176e-308
1961-04-01,29.83,19.23,32.131,0,715965,18.785,0.0300000000000003,-0.774643316668841,1.73,33.33,23,141.4,320.97,966.4,2962.9,31.47,3.79,3.62,2869.6,1.32,1e-37,1.32,1.32,1.32,1e-37,1.32,1e-37,1e-37,1e-37,2.94,2.3,7,1.11253866519355e-308,1.11253872065892e-308,1.11253877112173e-308,1.11253882728325e-308,0,0,4.02515019745121e-270,1.11253921105637e-308
1961-07-01,29.95,19.32,32.699,0,716056,18.843,0.28,-1.18064234639989,1.68,33.33,23.74,142,326.5,982.7,2991.3,31.5,3.98,3.9,2915.9,1.6,1e-37,1.6,1.6,1.6,1e-37,1.6,1e-37,1e-37,1e-37,3.01,2.3,6.77,1.11257830830104e-308,1.11257406430946e-308,1.1125655763263e-308,1.11258467428841e-308,0,0,3.47678400409712e-308,1.11255178335365e-308
1961-10-01,29.99,19.37,33.421,0,716148,18.908,-0.22,-0.875116590066938,2.4,33.37,24.57,146.63,334.7,1000,3019.9,31.53,3.97,3.84,2975.3,1.38,1e-37,1.38,1.38,1.38,1.48825863006622,1.38,1.48825863006622,1.48825863006622,1.48825863006622,3.1,2.46,6.2,1.22634168551887e-308,1.22997135931931e-308,1.23327318477005e-308,1.23696970143792e-308,0,0,8.65820045765252e-304,1.2620813996282e-308
1962-01-01,30.11,19.44,33.136,0,716240,19.02,-0.26,-0.519841764547378,2.46,33.53,24.94,146.37,341.17,1020.7,3048.7,31.7,4.02,3.84,3028.7,1.12,1e-37,1.12,1.12,1.12,1.27538809433822,1.12,1.39579618622891,1.27538809433822,1.39579618622891,3.21,2.72,5.63,1.25160722840399e-308,1.25160722840399e-308,1.25160722840399e-308,1.25160722840399e-308,0,0,2.90791742844508e-188,2.08601523033367e-308
1962-04-01,30.22,19.51,33.468,0,716330,19.047,-0.21,-0.229633716077021,2.61,33.43,25.18,145.33,346.23,1042.3,3078,31.53,3.87,3.63,3062.1,0.91,1e-37,0.91,0.91,0.91,1.11605900034515,0.91,1.37407806736321,1.11605900034515,1.37407806736321,3.02,2.72,5.53,-2.20430309784433e-139,-4.14536090650968e-75,-1.04083408560224e-16,-8.18440916918917e+49,0,0,3.13113150060449e-294,1.28582153447386e-122
1962-07-01,30.31,19.58,34.06,0,716421,19.092,-0.00999999999999934,-0.182705457464337,2.85,33.57,25.45,144.97,351.63,1058.5,3107.7,31.7,3.99,3.74,3090.4,0.9,1e-37,0.9,0.9,0.9,0.898455285916114,0.9,1.33331950424323,0.898455285916114,1.33331950424323,3.18,2.84,5.57,1.6688053938804e-308,1.6688053938804e-308,1.6688053938804e-308,1.6688053938804e-308,0,0,1.66881817565469e-308,1.6688053938804e-308
1962-10-01,30.38,19.61,34.72,0,716513,19.152,-0.11,-0.000178460046854845,2.92,33.57,25.66,149.23,361.27,1079.7,3137.7,31.67,3.9,3.6,3097.9,0.79,1e-37,0.79,0.79,0.79,0.975445837853497,0.79,1.32569109173976,0.975445837853497,1.32569109173976,3,2.81,5.53,1.11264196804528e-308,1.11263454106001e-308,1.1126377240537e-308,1.11264302904317e-308,0,0,1.11253696240979e-308,1.11255178322414e-308
1963-01-01,30.48,19.67,34.501,0,716605,19.196,-0.0600000000000001,-0.0289539061086774,2.97,33.37,26.14,149.53,368.97,1103.8,3168.4,31.53,3.89,3.64,3138.4,0.73,1e-37,0.73,0.73,0.73,0.724531306328414,0.73,1.25104627496497,0.724531306328414,1.25104627496497,3.03,2.91,5.77,1.11253692928011e-308,1.11253692928095e-308,1.11253692928172e-308,1.11253692928258e-308,0,0,1.1125369292536e-308,1.11253692928843e-308
1963-04-01,30.53,19.74,35.034,0,716695,19.233,0.0899999999999999,-0.194730593255026,2.96,33.4,26.83,148.87,374.63,1127.8,3199.4,31.5,3.96,3.76,3177.7,0.82,1e-37,0.82,0.82,0.82,0.812188662633355,0.82,1.21286896183032,0.812188662633355,1.21286896183032,3.14,2.94,5.73,8.45528067258507e-307,6.23020680858637e-307,6.89772896629395e-307,8.90029544439013e-307,0,0,0,3.19854367234883e-308
1963-07-01,30.72,19.82,35.902,0,716786,19.272,-0.2,-0.12279764111981,3.33,33.4,27.01,150.13,382.2,1150.7,3230.7,31.63,4.03,3.91,3237.6,0.62,1e-37,0.62,0.62,0.62,0.900260070064181,0.62,1.22051889546384,0.900260070064181,1.22051889546384,3.53,3.29,5.5,1.11253866804291e-308,1.11253872324925e-308,1.11253877355016e-308,1.11253883032689e-308,0,0,0,1.11253921180109e-308
1963-10-01,30.8,19.91,36.861,0,716878,19.418,-0.11,-0.0156041575793813,3.45,33.47,27.46,155.17,392.5,1173,3262.5,31.63,4.12,4.01,3262.2,0.51,1e-37,0.51,0.51,0.51,0.670764333649299,0.51,1.20393128506282,0.670764333649299,1.20393128506282,3.73,3.5,5.57,1.11313108835029e-308,1.11312260036713e-308,1.11314169832925e-308,1.11308440444289e-308,0,0,7.56983938173924e-52,1.11280217885699e-308
1964-01-01,30.93,20,36.697,0,716970,19.477,0.0400000000000005,-0.063285208632256,3.46,33.47,27.84,154.97,398.67,1192.6,3294.5,31.67,4.18,4.08,3335.4,0.55,1e-37,0.55,0.55,0.55,0.642281302068784,0.55,1.19644278489889,0.642281302068784,1.19644278489889,3.83,3.53,5.47,1.22775069072407e-308,1.23106630914746e-308,1.23468006797947e-308,1.23813786012085e-308,0,0,3.27417549823096e-33,1.26215036449146e-308
1964-04-01,30.98,20.06,37.246,0,717061,19.529,0.04,-0.0477451581849522,3.49,33.5,28.49,153.93,403,1213,3326.8,31.53,4.2,4.07,3373.7,0.59,1e-37,0.59,0.59,0.59,0.648778138880741,0.59,1.19038229041988,0.648778138880741,1.19038229041988,3.86,3.48,5.2,1.1125379902515e-308,1.1125379902515e-308,1.1125379902515e-308,1.1125379902515e-308,0,0,9.16650005744111e-72,3.89389622835393e-308
1964-07-01,31.05,20.12,38.136,0,717152,19.607,-0.0400000000000005,0.00806011719009092,3.46,33.57,28.95,156.27,412.03,1240.4,3359.6,31.63,4.19,4.05,3419.5,0.55,1e-37,0.55,0.55,0.55,0.713160064729695,0.55,1.19098950813473,0.713160064729695,1.19098950813473,3.77,3.5,5,1.32113760350484e-308,1.32113760350484e-308,1.32113760355341e-308,1.1125369292536e-308,0,0,1.28641241624457e-307,5.94830118250117e-117
1964-10-01,31.19,20.18,39.059,0,717244,19.703,-0.16,0.095089946503311,3.58,33.6,29.39,162.07,423.7,1265.8,3393,31.7,4.17,4.07,3429,0.39,1e-37,0.39,0.39,0.39,0.620682748109096,0.39,1.199154975522,0.620682748109096,1.199154975522,3.93,3.68,4.97,1.11255178322414e-308,1.11255178322414e-308,1.11254647823466e-308,0,0,0,7.56983938173924e-52,2.01647318427215e-308
1965-01-01,31.29,20.25,38.897,0,717336,19.801,-0.15,0.197674120378181,3.97,33.67,30.5,161.83,431.53,1291.1,3427.3,31.87,4.2,4.13,3513.3,0.24,1e-37,0.24,0.24,0.24,0.512395030351806,0.24,1.19671175560163,0.512395030351806,1.19671175560163,4.01,3.89,4.9,1.11253692928056e-308,1.11253692928133e-308,1.11253692928218e-308,0,0,0,343605821637.283,1.11312260009205e-308
1965-04-01,31.49,20.31,39.235,0,717426,19.887,0.0400000000000005,0.141868845003136,4.08,34.1,31.2,160.6,436.1,1312.6,3462.3,32.17,4.21,4.15,3560.9,0.28,1e-37,0.28,0.28,0.28,0.404038931845259,0.28,1.19668052337829,0.404038931845259,1.19668052337829,4.02,3.87,4.67,0,0,1.25160404544268e-308,0,0,0,4.03037822618879e+87,1.1125369292885e-308
1965-07-01,31.58,20.38,40.222,0,717517,19.96,0.0499999999999998,0.0809381042213939,4.07,34.2,31.86,162.3,444.6,1338.2,3498.1,32.4,4.25,4.2,3633.2,0.33,1e-37,0.33,0.33,0.33,0.446402261890346,0.33,1.19944529928391,0.446402261890346,1.19944529928391,4.08,3.87,4.37,0,0,1.11253880238374e-308,0,0,0,3.17107808648908e+59,7.12023635944941e-307
1965-10-01,31.75,20.44,41.494,0,717609,20.088,0.00999999999999979,-0.0501863909163554,4.17,34.53,32.5,169.1,457.8,1367.5,3534.9,32.63,4.47,4.51,3720.8,0.34,1e-37,0.34,0.34,0.34,0.456778485942735,0.34,1.20006680754317,0.456778485942735,1.20006680754317,4.46,4.17,4.1,0,0,1.11255178327271e-308,0,2.92755591128354e-188,4.16965710368606e+149,1.49585382503278e-76,1.11253922596694e-308
1966-01-01,32.05,20.55,41.489,0,717701,20.218,-0.0300000000000003,-0.163172367617589,4.56,34.9,33.43,170.37,465.57,1393.8,3572.7,33.1,4.77,4.92,3812.2,0.31,1e-37,0.31,0.31,0.31,0.488056765376374,0.31,1.20099209026831,0.488056765376374,1.20099209026831,4.93,4.61,3.87,0,0,1.23529650775674e-308,0,1.25542034707734e+58,5.727780783695e+250,3.17107838685141e+59,1.11314594225607e-308
1966-04-01,32.34,20.71,42.008,0,717791,20.391,8.88178419700125e-16,-0.109257162034723,4.91,35.03,34.13,170.13,468.63,1410.6,3612.1,33.23,4.78,4.9,3824.9,0.310000000000001,1e-37,0.310000000000001,0.310000000000001,0.310000000000001,0.467579066839361,0.310000000000001,1.19997570378676,0.467579066839361,1.19997570378676,4.93,4.59,3.83,0,0,2.22508022449457e-308,0,1.11253692925372e-308,1.11253692925373e-308,3.54623634936539e-110,1.26317953245015e-308
1966-07-01,32.62,20.89,42.973,0,717882,20.601,0.0399999999999991,-0.317354310028305,5.41,35.37,34.66,169.53,471.67,1418.9,3652.4,33.57,5.14,5.39,3850,0.35,1e-37,0.35,0.35,0.35,0.501677713938659,0.35,1.19968666178188,0.501677713938659,1.19968666178188,5.51,5.04,3.77,0,0,-46116860192863800000,0,0,0,9.39312850737114e-154,2.44760670830741e-307
1966-10-01,32.88,21.07,43.871,0,717974,20.791,-0.35,0.0796183428275281,5.56,35.47,34.99,173.8,479.57,1433.2,3693.2,33.33,5,5.21,3881.2,0,1e-37,0,0,0,0.509941085230426,0,1.20028290155805,0.509941085230426,1.20028290155805,5.44,5.21,3.7,0,0,1.1125369292536e-308,6.58887371451908e-83,0,0,4.36587466661452e+237,1.34233024495312e-92
1967-01-01,32.97,21.19,43.809,0,718066,20.886,0.15,0.0879664216345066,4.82,35.33,34.8,173.7,486.03,1456.4,3734.4,33.37,4.58,4.66,3915.4,0.15,1e-37,0.15,0.15,0.15,0.104303510612599,0.15,1.19971174874041,0.104303510612599,1.19971174874041,4.6,4.51,3.83,0,0,0,0,0,0,3.17107838685507e+59,2.01647318427215e-308
1967-04-01,33.17,21.33,44.22,0,718156,20.997,0.949999999999999,-0.579015618266384,3.99,35.47,34.66,174.2,495.7,1491.3,3775.4,33.3,4.82,4.76,3916.2,1.1,1e-37,1.1,1.1,1.1,0.441826352477671,1.1,1.19938661593899,0.441826352477671,1.19938661593899,4.25,3.66,3.83,0,0,0,0,0,0,1.49056930539486e+20,1.11257088118627e-308
1967-07-01,33.5,21.52,45.144,0,718247,21.203,-0.0899999999999999,-0.628308731969451,3.89,35.77,34.89,178.07,509.67,1531.8,3816.4,33.43,5.25,5.31,3947.5,1.01,1e-37,1.01,1.01,1.01,1.29085407652406,1.01,1.19919278725938,1.29085407652406,1.19919278725938,5.13,4.3,3.8,1.11253692925582e-308,1.11253692925657e-308,0,0,,,3.72754202012701e-91,1.11253692928883e-308
1967-10-01,33.87,21.74,46.173,0,718339,21.438,-0.0599999999999996,-0.504939782256525,4.17,35.93,35.83,184.7,522.97,1564.2,3857.3,33.5,5.64,5.7,3977.6,0.95,1e-37,0.95,0.95,0.95,0.9304585797384,0.95,1.19908588460134,0.9304585797384,1.19908588460134,5.56,4.75,3.9,0,0,0,0,1.11253905128177e-308,1.11254011229586e-308,346299596964.644,4.45014772051136e-308
1968-01-01,34.2,21.98,46.219,0,718431,21.672,-0.37,-0.0700938358919121,4.79,36.2,36.34,185.23,530.53,1591,3897.1,33.97,5.61,5.63,4059.5,0.58,1e-37,0.58,0.58,0.58,1.14802292059083,0.58,1.19917117177003,1.14802292059083,1.19917117177003,5.47,5.05,3.73,0,0,0,0,1.2516040454103e-308,1.2516040454103e-308,2.09570694088838e-110,1.11253923917761e-308
1968-04-01,34.53,22.23,47.069,0,718522,21.899,-0.239999999999999,0.0167279449509508,5.98,36.53,36.83,186.7,538.17,1617.2,3936.7,34.17,5.74,5.86,4128.5,0.340000000000001,1e-37,0.340000000000001,0.340000000000001,0.340000000000001,0.589190555122494,0.340000000000001,1.19899326834865,0.589190555122494,1.19899326834865,5.94,5.52,3.57,0,0,0,0,7.201195179513e-299,7.201195179513e-299,3.55110312827289e+59,1.11257194223272e-308
1968-07-01,35,22.48,48.316,0,718613,22.115,-0.0100000000000007,0.0683828899441856,5.94,36.83,37.11,190.4,548.97,1648.6,3976.2,34.3,5.46,5.53,4156.7,0.33,1e-37,0.33,0.33,0.33,0.605920411687524,0.33,1.19895174319311,0.605920411687524,1.19895174319311,5.51,5.2,3.53,0,0,0,0,0,0,1.02155346943384e-114,1.26397740286743e-308
1968-10-01,35.43,22.75,49.623,0,718705,22.426,-0.14,0.363333802178506,5.92,37.07,37.68,198.2,563.57,1686.8,4015.6,34.5,5.77,5.78,4174.7,0.19,1e-37,0.19,0.19,0.19,0.293294741904486,0.19,1.19902755805704,0.293294741904486,1.19902755805704,5.84,5.59,3.4,0,0,0,0,0,0,1.52208804201827e-52,8.06590546906335e-308
1969-01-01,35.87,23,49.564,0,718797,22.66,0.0499999999999998,0.135930758267618,6.57,37.27,38.41,199.63,571.8,1715.6,4055.4,35,6.18,6.33,4240.5,0.24,1e-37,0.24,0.24,0.24,0.299214282498633,0.24,1.19902500635427,0.299214282498633,1.19902500635427,6.36,6.09,3.4,0,0,6.58887371451908e-83,0,0,0,8.17489094881976e+44,1.21745517980531e-88
1969-04-01,36.43,23.28,50.195,0,718887,22.952,0.0899999999999999,0.0212627602445643,8.33,37.8,38.58,199.7,576.53,1730.7,4095.6,35.5,6.35,6.53,4252.8,0.33,1e-37,0.33,0.33,0.33,0.409916876740532,0.33,1.199047995939,0.409916876740532,1.199047995939,6.57,6.2,3.43,0,0,0,0,0,0,9.38295918604673e-154,1.32113760348865e-308
1969-07-01,36.93,23.55,51.412,0,718978,23.28,-0.149999999999999,-0.0247520755009454,8.98,38.2,39.04,200.63,580.1,1741.7,4135.7,35.77,6.86,7.2,4279.7,0.180000000000001,1e-37,0.180000000000001,0.180000000000001,0.180000000000001,0.484462814899117,0.180000000000001,1.199038504516,0.484462814899117,1.199038504516,7.65,7.02,3.57,0,0,0,0,3.56012156880479e-307,3.56012156880479e-307,1.43637319907289e-114,0
1969-10-01,37.5,23.82,52.657,0,719070,23.581,0.14,-0.145549262184279,8.94,38.73,38.8,205.73,586.2,1756.7,4175.7,36.1,7.3,7.67,4259.6,0.32,1e-37,0.32,0.32,0.32,0.356902299336115,0.32,1.19904953184472,0.356902299336115,1.19904953184472,7.9,7.35,3.57,0,0,0,0,1.11253692925365e-308,1.11253692925365e-308,6.03405160612198e+87,0
1970-01-01,38.1,24.08,52.5,0,719162,23.915,0.2,-0.316745227893762,8.57,39.07,37.86,205.43,587.57,1763.2,4215.3,36.63,7.37,7.73,4252.9,0.520000000000001,1e-37,0.520000000000001,0.520000000000001,0.520000000000001,0.540894134030178,0.520000000000001,1.19908050439235,0.540894134030178,1.19908050439235,7.55,7.21,4.17,0,0,0,0,1.11253692928491e-308,1.1125369292877e-308,1.49056930539485e+20,1.1125369292536e-308
1970-04-01,38.63,24.36,53.573,0,719252,24.247,0.569999999999999,-0.308596895318667,7.88,39.13,37.65,206.43,593.73,1775.1,4254.2,36.83,7.71,7.77,4260.7,1.09,1e-37,1.09,1.09,1.09,0.66539724986267,1.09,1.19907076420705,0.66539724986267,1.19907076420705,7.45,6.68,4.77,0,0,0,0,4.72828195146483e-308,6.39708734573378e-308,2.0953820838883e-110,0
1970-07-01,39.03,24.63,54.873,0,719343,24.438,0.0600000000000005,-0.339497535971612,6.7,39.33,37.51,208.97,604.3,1815.2,4292.7,37.03,7.46,7.48,4298.6,1.15,1e-37,1.15,1.15,1.15,1.29472243989205,1.15,1.19906921910687,1.29472243989205,1.19906921910687,6.94,6.33,5.17,0,0,0,0,1.1125389840466e-308,1.11253916749031e-308,3.54384477187259e-62,1.11253692930217e-308
1970-10-01,39.6,24.97,56.057,0,719435,24.752,0.00999999999999979,0.178871255919111,5.57,39.73,36.7,215.63,620,1864,4330.7,37.1,6.85,6.51,4253,1.16,1e-37,1.16,1.16,1.16,1.09023746381184,1.16,1.19907166128647,1.09023746381184,1.19907166128647,5.65,5.35,5.83,0,0,0,1.18207048733195e-308,0,0,5.41112724207362e-115,0
1971-01-01,39.93,25.29,56.102,0,719527,25.126,0.48,-0.087388463039364,3.86,40.07,37.41,217.03,641.17,1923.8,4368,37.6,6.02,5.48,4370.3,1.64,1e-37,1.64,1.64,1.64,1.32801067577548,1.64,1.19907040998829,1.32801067577548,1.19907040998829,4.05,3.84,5.93,0,0,0,0,0,0,6.0340516061213e+87,1.18207154832985e-308
1971-04-01,40.3,25.58,57.358,0,719617,25.455,0.26,-1.0769423216944,4.56,40.47,37.75,221.03,668.5,1998.1,4404.8,38.07,6.25,6.15,4395.1,1.9,1e-37,1.9,1.9,1.9,1.69436184798174,1.9,1.19907235122545,1.69436184798174,1.19907235122545,4.99,4.25,5.9,0,0,0,0,0,0,1.49056932738509e+20,1.1125369294155e-308
1971-07-01,40.7,25.82,58.999,0,719708,25.711,-0.4,-0.866162452925625,5.47,40.6,37.87,224.7,685.23,2057.6,4441.6,38.37,6.48,6.51,4430.2,1.5,1e-37,1.5,1.5,1.5,1.83729632212365,1.5,1.19906669712439,1.83729632212365,1.19906669712439,5.75,5.01,6.03,1.1125369292536e-308,1.1125369292536e-308,0,1.11254541723676e-308,0,0,2.096681510109e-110,1.3211407868547e-308
1971-10-01,41,25.97,60.139,0,719800,25.918,0.0699999999999994,-0.822866857053505,4.75,40.87,38.74,229.97,702.67,2113.3,4478.6,38.4,5.89,5.8,4442.5,1.57,1e-37,1.57,1.57,1.57,1.33362364809378,1.57,1.19906508344273,1.33362364809378,1.19906508344273,4.73,4.23,5.93,0,0,0,0,0,0,6.53723975436872e-43,1.34799733655885e+68
1972-01-01,41.33,26.22,60.021,0,719892,26.319,0.71,-1.12665638368292,3.54,41.2,40.39,231.87,725.3,2176.9,4516.4,39.07,6.03,5.72,4521.9,2.28,1e-37,2.28,2.28,2.28,1.61460981448755,2.28,1.1990666351774,1.61460981448755,1.1990666351774,4.41,3.44,5.77,0,1.6688053938804e-308,0,0,2.40142591060904e+292,7.50149138639689e-07,1.4958644434394e-76,1.11253692925972e-308
1972-04-01,41.6,26.4,61.26,0,719983,26.475,-0.0699999999999994,-1.30023489376631,4.3,41.5,41.16,235.07,746.53,2231.4,4554.5,39.5,6.14,5.98,4629.1,2.21,1e-37,2.21,2.21,2.21,2.24718185721074,2.21,1.19906507051065,2.24718185721074,1.19906507051065,4.84,3.77,5.7,0,0,0,0,-8.7114211842008e+295,-9.09576340931587e-140,1.02155346939839e-114,0
1972-07-01,41.93,26.59,62.768,0,720074,26.731,-0.35,-0.838711619602409,4.74,42,41.68,239.9,768.4,2306.5,4593.4,40.1,6.29,6.08,4673.5,1.86,1e-37,1.86,1.86,1.86,1.91107682672167,1.86,1.19906478747025,1.91107682672167,1.19906478747025,5.15,4.22,5.57,0,0,0,0,-1.64638131046138e-285,-6.20099170888654e-30,2.095382083789e-110,2.00265135248812e-307
1972-10-01,42.37,26.76,64.655,0,720166,27.083,-0.57,-0.23828274044746,5.14,42.33,43.14,249.33,792.3,2383.1,4633.2,40.5,6.37,6.15,4750.5,1.29,1e-37,1.29,1.29,1.29,1.71493031833282,1.29,1.19906429347443,1.71493031833282,1.19906429347443,5.44,4.86,5.37,0,0,0,0,-4.4541162150322e+279,-9.09576340931583e-140,3.71069977080518e-91,1.00538234169297e-87
1973-01-01,43.03,26.95,64.981,0,720258,27.403,-0.41,-0.139513713355031,6.54,43.63,44.38,251.2,812.67,2439.7,4674.3,42.47,6.6,6.58,4872,0.88,1e-37,0.88,0.88,0.88,1.17033229133654,0.88,1.19906438393807,1.17033229133654,1.19906438393807,6.31,5.7,4.93,0,0,1.18207048733195e-308,0,5.09551948806702e+205,-2.73547232974676e-89,4.11066466963645e-71,1.1125369292536e-308
1973-04-01,43.93,27.32,66.8,0,720348,27.828,-0.76,0.776618870474431,7.82,45.07,44.73,253.73,829.47,2479.8,4717.1,44.53,6.81,6.72,4928.4,0.12,1e-37,0.12,0.12,0.12,0.932113882492874,0.12,1.19906510335911,0.932113882492874,1.19906510335911,7.02,6.6,4.93,0,0,0,0,4.37265502011183e-65,2.8428487882331e+49,1.49056932188753e+20,0
1973-07-01,44.8,27.68,68.464,0,720439,28.37,-1.1,1.55815001978328,10.56,46.43,45.12,256.73,838.03,2514.6,4761,46.37,7.21,7.34,4902.1,-0.98,1e-37,-0.98,-0.98,-0.98,-0.0670669294779931,-0.98,1.19906473140112,-0.0670669294779931,1.19906473140112,8.51,8.32,4.8,0,0,0,0,-8.49934426126732e+251,-6.20099170888654e-30,3.52219676667015e-110,0
1973-10-01,45.93,28.07,70.18,0,720531,28.932,0.310000000000001,1.2605577572167,10,47.2,45.79,263.73,847.03,2547,4805.7,46.73,6.75,6.83,4948.8,-0.67,1e-37,-0.67,-0.67,-0.67,-0.901098347112781,-0.67,1.19906478902323,-0.901098347112781,1.19906478902323,7.41,7.5,4.77,0,0,1.11254541723676e-308,0,2.49784623289459e+82,2.84284878823309e+49,4.10960289434003e-115,0
1974-01-01,47.3,28.55,70.849,0,720623,29.488,0.0800000000000001,1.4036043055445,9.32,49.57,45.37,264.4,863.73,2594,4851.5,49.87,7.05,7.03,4905.4,-0.59,1e-37,-0.59,-0.59,-0.59,-0.270475168952496,-0.59,1.19906504232592,-0.270475168952496,1.19906504232592,7.35,7.62,5.13,0,0,0,0,-2.60712660073023e+125,1.32400938279953e-269,6.03405160612175e+87,0
1974-04-01,48.57,29.26,72.965,0,720713,30.192,0.51,0.0145650907304962,11.25,51.1,45.41,266.7,877.97,2625.3,4898.3,51.6,7.54,8.07,4918,-0.0800000000000001,1e-37,-0.0800000000000001,-0.0800000000000001,-0.0800000000000001,-0.499639728823189,-0.0800000000000001,1.19906506611895,-0.499639728823189,1.19906506611895,8.69,8.15,5.2,0,0,0,0,1.11371433593372e-308,1.11371431028141e-308,9.38296487629959e-154,1.1125496617626e-308
1974-07-01,49.93,30.1,74.825,0,720804,31.085,0.350000000000001,-0.21490106424484,12.09,53.57,45.22,269.3,884.53,2653.4,4945.4,55.27,7.96,8.46,4869.4,0.270000000000001,1e-37,0.270000000000001,0.270000000000001,0.270000000000001,0.357988808398098,0.270000000000001,1.19906517346575,0.357988808398098,1.19906517346575,9.01,8.19,5.63,0,0,0,0,1.11371433631015e-308,1.11371431066591e-308,3.5511031270996e+59,1.26413443055595e-308
1974-10-01,51.47,30.84,77.243,0,720896,32.015,0.0199999999999987,0.624344687139416,9.35,56.03,43.43,276.4,896.43,2694,4992.2,57.2,7.67,7.65,4850.2,0.29,1e-37,0.29,0.29,0.29,0.38844844498633,0.29,1.19906508358215,0.38844844498633,1.19906508358215,7.67,7.36,6.6,0,0,0,0,1.49324679152796e-154,1.49324675714466e-154,5.41109585390634e-115,8.34408214129257e-308
1975-01-01,52.57,31.44,77.564,0,720988,32.757,1.23,-0.191025290111282,6.3,56.63,40.57,273.77,913.7,2745.4,5037.8,57.17,7.54,7.27,4791.2,1.52,1e-37,1.52,1.52,1.52,0.721480136829132,1.52,1.19906509057287,0.721480136829132,1.19906509057287,6.31,5.75,8.27,0,0,0,1.1125369292536e-308,7.29112201955642e-304,7.29112201955642e-304,4.10960277173e-115,3.01614702564072e-86
1975-04-01,53.2,31.92,79.511,0,721078,33.245,0.830000000000001,-0.868437721067233,5.42,57.47,40.02,278.13,951.4,2846,5081.7,57.8,8.05,7.74,4827.8,2.35,1e-37,2.35,2.35,2.35,1.84429702434045,2.35,1.19906516161346,1.84429702434045,1.19906516161346,6.53,5.39,8.87,0,0,0,0,1.1168827766335e-308,1.1168827766335e-308,6.74155630611671e-198,2.01647318427215e-308
1975-07-01,54.27,32.4,81.922,0,721169,33.864,-0.47,-0.741279244724892,6.16,58.87,41.02,283.8,983.5,2949.7,5124.7,59.03,8.3,8.21,4909.1,1.88,1e-37,1.88,1.88,1.88,2.24761549749274,1.88,1.19906510811695,2.24761549749274,1.19906510811695,7.52,6.33,8.47,1.11253692938312e-308,1.11253692938312e-308,0,0,1.11280854471484e-308,1.11308016017609e-308,1.11253694168717e-308,1.1125623932031e-308
1975-10-01,55.27,32.93,84.049,0,721261,34.463,0.329999999999999,-0.883683958358096,5.41,59.97,41.9,290.03,1006.07,3020.9,5167.2,59.67,8.06,7.84,4973.3,2.21,1e-37,2.21,2.21,2.21,1.76785278521935,2.21,1.19906509666438,1.76785278521935,1.19906509666438,6.68,5.63,8.3,0,0,0,0,1.11308016432067e-308,4.77947634186106e-299,2.41785163922926e+24,1.11253692928891e-308
1976-01-01,55.9,33.43,84.588,0,721353,34.837,0.34,-1.16947342771869,4.83,59.97,43.18,288.73,1036.73,3116.9,5208.6,59.93,7.75,7.47,5086.3,2.55,1e-37,2.55,2.55,2.55,2.28169157726028,2.55,1.19906508593959,2.28169157726028,1.19906508593959,5.98,4.92,7.73,0,0,0,0,1.11253698728565e-308,1.11634011765519e-308,-3.16299855335203e-223,3.87662552943078e-267
1976-04-01,56.4,33.83,87.442,0,721444,35.208,-0.23,-0.918793617750346,5.2,60.4,43.74,294.33,1072.67,3210.5,5249.9,60.87,7.77,7.48,5124.6,2.32,1e-37,2.32,2.32,2.32,2.38911658729947,2.32,1.19906507978858,2.38911658729947,1.19906507978858,6.28,5.16,7.57,0,0,0,0,1.11306516943629e-308,1.80119878371121e-298,3.83127130338559e-308,1.11253924413161e-308
1976-07-01,57.3,34.36,89.531,0,721535,35.686,-0.160000000000001,-0.538701434094868,5.28,60.9,44.31,298.03,1099.1,3295.8,5291.5,61.6,7.73,7.31,5149.7,2.16,1e-37,2.16,2.16,2.16,2.06797751414379,2.16,1.19906509017171,2.06797751414379,1.19906509017171,6.01,5.15,7.73,0,0,0,0,1.11634011765519e-308,1.33163202590206e-231,2.82337309578072e-241,1.9469470532924e-308
1976-10-01,58.13,34.9,91.909,0,721627,36.331,-0.369999999999999,0.283890670649502,4.87,61.9,45.12,307.7,1137.87,3415.2,5333.7,62.13,7.19,6.46,5187.1,1.79,1e-37,1.79,1.79,1.79,1.84978046256429,1.79,1.19906507189235,1.84978046256429,1.19906507189235,5.23,4.67,7.77,0,0,0,0,2.67671671581955e-299,1.3684555315672e-48,4.8504818544276e-65,0
1977-01-01,59.2,35.48,92.34,0,721719,36.943,0.36,-0.328993735351197,4.66,63.13,46.02,308.9,1174.23,3531.3,5377.8,63.47,7.35,6.78,5247.3,2.15,1e-37,2.15,2.15,2.15,1.64279592005596,2.15,1.19906507065635,1.64279592005596,1.19906507065635,5.42,4.63,7.5,0,0,0,0,0,1.11253692925373e-308,-1.76612913450645e-39,0
1977-04-01,60.23,36.02,95.042,0,721809,37.47,-0.16,-0.218034406340761,5.16,64.33,47.46,315.97,1210.63,3626.4,5422.7,65.03,7.37,6.83,5351.6,1.99,1e-37,1.99,1.99,1.99,2.12641777139071,1.99,1.19906507722413,2.12641777139071,1.19906507722413,5.69,4.84,7.13,0,0,1.1125369292536e-308,0,0,0,-5.51288178134876e+286,1.11253692930217e-308
1977-07-01,61.07,36.62,97.747,0,721900,37.927,-0.520000000000001,0.038888945202638,5.82,65.17,47.99,322.03,1237.63,3709.9,5468.8,65.13,7.36,6.97,5447.3,1.47,1e-37,1.47,1.47,1.47,1.58134604825053,1.47,1.19906507507131,1.58134604825053,1.19906507507131,6.28,5.5,6.9,0,0,0,0,0,0,4.27842420986501e-82,0
1977-10-01,61.97,37.16,100.753,0,721992,38.758,-0.2,-0.0184268221220645,6.51,66.33,48.31,333.1,1263.03,3786.7,5516,65.87,7.6,7.38,5446.1,1.27,1e-37,1.27,1.27,1.27,1.40640575453415,1.27,1.19906507724919,1.40640575453415,1.19906507724919,6.96,6.11,6.67,0,0,0,0,0,0,-1.53565419145898e+92,1.11254011224729e-308
1978-01-01,63.03,37.75,101.723,0,722084,39.326,0.160000000000001,-0.164098543398703,6.76,67.43,48.17,332.67,1282.43,3857.4,5564.6,67.47,8.01,7.82,5464.7,1.43,1e-37,1.43,1.43,1.43,1.18418326275679,1.43,1.19906507571858,1.18418326275679,1.19906507571858,7.31,6.39,6.33,0,0,0,0,0,0,5.56539877016107e+203,0
1978-04-01,64.47,38.41,104.405,0,722174,40.05,0.259999999999999,-0.443448833559152,7.28,69.13,50.08,342.27,1310.4,3929.4,5616.8,69.5,8.32,8.17,5679.7,1.69,1e-37,1.69,1.69,1.69,1.45975452328212,1.69,1.1990650768082,1.45975452328212,1.1990650768082,7.79,6.48,6,0,0,0,0,0,0,3.19191025962822e-108,1.32113760348865e-308
1978-07-01,65.97,39.07,107.394,0,722265,40.716,-0.569999999999999,-0.00269755301907537,8.1,70.6,50.53,349.9,1335.4,4002.6,5669.5,70.6,8.49,8.43,5735.4,1.12,1e-37,1.12,1.12,1.12,1.55947729378677,1.12,1.19906507951351,1.55947729378677,1.19906507951351,8.45,7.31,6.03,0,0,0,0,0,0,-5.25454995735208e+166,0
1978-10-01,67.5,39.77,111.035,0,722357,41.575,-0.850000000000001,0.761481365591425,9.58,72.07,51.45,360.43,1361.4,4077.4,5722.1,72.2,8.82,8.84,5811.3,0.27,1e-37,0.27,0.27,0.27,0.914293719655593,0.27,1.19906507820011,0.914293719655593,1.19906507820011,9.82,8.57,5.9,0,0,0,0,0,0,5.39338038515954e+263,0
1979-01-01,69.2,40.31,111.723,0,722449,42.318,-0.470000000000001,1.19145126546263,10.07,74.37,51.67,357.03,1376.17,4137.2,5774.1,74.83,9.11,9.18,5821,-0.200000000000001,1e-37,-0.200000000000001,-0.200000000000001,-0.200000000000001,0.370087693635456,-0.200000000000001,1.19906507840949,0.370087693635456,1.19906507840949,10.3,9.38,5.87,0,0,0,0,0,0,6.34138644593286e-163,1.1125369292536e-308
1979-04-01,71.4,41.19,114.556,0,722539,43.362,-0.0700000000000003,1.38346210713897,10.18,76.2,51.58,368.47,1411.2,4235.3,5823.7,77.47,9.11,9.11,5826.4,-0.270000000000001,1e-37,-0.270000000000001,-0.270000000000001,-0.270000000000001,-0.0490828929000633,-0.270000000000001,1.19906507871144,-0.0490828929000633,1.19906507871144,9.94,9.38,5.7,0,0,0,0,0,0,1.0149345366065e+42,0
1979-07-01,73.7,41.95,118.472,0,722630,44.301,-0.279999999999999,1.62697702179558,10.95,78.37,51.42,378.6,1446.03,4335.5,5870.9,79.9,9.1,9.12,5868.3,-0.550000000000001,1e-37,-0.550000000000001,-0.550000000000001,-0.550000000000001,-0.101641674972806,-0.550000000000001,1.19906507862121,-0.101641674972806,1.19906507862121,10.15,9.67,5.87,0,0,0,0,0,0,0.159996013006719,1.11253692930217e-308
1979-10-01,76.03,42.82,121.82,0,722722,45.194,-0.629999999999999,2.1451587939441,13.58,81.33,51.61,386.73,1469.67,4400,5915.2,82.7,10.45,10.66,5884.5,-1.18,1e-37,-1.18,-1.18,-1.18,-0.495742411325316,-1.18,1.19906507891205,-0.495742411325316,1.19906507891205,12.27,11.84,5.97,0,0,0,0,0,0,6.29185696240817e-175,0
1980-01-01,79.03,43.87,122.496,0,722814,46.144,0.0999999999999996,2.17337406139061,15.05,84.5,51.81,384.47,1489.9,4477.1,5954,86.53,11.99,12.27,5903.4,-1.08,1e-37,-1.08,-1.08,-1.08,-0.93962991281333,-1.08,1.1990650783946,-0.93962991281333,1.1990650783946,13.93,13.35,6.3,0,0,0,0,0,0,68075.9884233127,1.11254011224729e-308
1980-04-01,81.7,44.85,125.118,0,722905,47.178,1.79,0.887517657158607,12.69,86.7,49.65,383.93,1513.1,4543.7,5986.7,88.27,10.48,10.33,5782.4,0.710000000000001,1e-37,0.710000000000001,0.710000000000001,0.710000000000001,-0.562591161178092,0.710000000000001,1.19906507836617,-0.562591161178092,1.19906507836617,10.28,9.62,7.33,0,0,0,0,0,0,2.02359649008986e+70,0
1980-07-01,83.23,45.84,129.213,0,722996,48.256,0.799999999999999,0.407907049139691,9.84,89.5,48.85,399.2,1560.97,4681,6017.5,91.17,10.95,10.66,5771.7,1.51,1e-37,1.51,1.51,1.51,1.22515906079088,1.51,1.19906507853408,1.22515906079088,1.19906507853408,10.14,9.15,7.67,0,0,0,0,0,0,1912.56241675979,1.32113760348865e-308
1980-10-01,85.57,46.96,133.342,1,723088,49.593,-2.47,2.21039299175866,15.85,91.33,50.73,415.33,1597.43,4780.4,6047.7,93.27,12.42,12.65,5878.4,-0.959999999999999,1e-37,-0.959999999999999,-0.959999999999999,-0.959999999999999,1.43082574542518,-0.959999999999999,1.19906507836232,1.43082574542518,1.19906507836232,13.84,13.61,7.4,0,0,0,0,0,0,-1.33493955362446e+97,0
1981-01-01,87.93,48,133.058,0,723180,50.851,-0.230000000000002,2.51070449419863,16.57,93.7,50.85,411.37,1618.1,4862.2,6079.4,96.1,12.96,13.2,6000.6,-1.19,1e-37,-1.19,-1.19,-1.19,-1.06094770553831,-1.19,1.19906507836824,-1.06094770553831,1.19906507836824,14.12,14.39,7.43,0,0,0,0,0,0,3.29535144959553e-48,0
1981-04-01,89.77,48.9,136.167,0,723270,51.813,0.470000000000001,1.82046483369936,17.78,96.07,51.02,424.1,1662.33,4993.7,6115.2,98.27,13.75,14.19,5952.7,-0.720000000000001,1e-37,-0.720000000000001,-0.720000000000001,-0.720000000000001,-0.246457574217454,-0.720000000000001,1.19906507831606,-0.246457574217454,1.19906507831606,15.13,14.91,7.4,0,0,0,0,0,0,-2.78500346061402e-233,1.1125369292536e-308
1981-07-01,92.27,49.8,139.039,0,723361,52.73,1.1,0.655176085434423,17.58,96.9,51.5,426.87,1695.37,5082.2,6153.1,98.93,14.85,15.43,6025,0.379999999999999,1e-37,0.379999999999999,0.379999999999999,0.379999999999999,-0.560398318355208,0.379999999999999,1.19906507832462,-0.560398318355208,1.19906507832462,16.32,15.05,7.4,0,0,0,0,0,0,-4.22975845196973e-200,0
1981-10-01,93.77,50.67,141.614,0,723453,53.692,2,-0.527085631330774,13.59,97.93,50.36,437.27,1742.57,5213.4,6193.3,98.83,14.09,14.13,5950,2.38,1e-37,2.38,2.38,2.38,0.746430973120732,2.38,1.19906507838521,0.746430973120732,1.19906507838521,13.55,11.75,8.23,0,0,0,0,0,0,4.03581445151103e-119,1.11253692930217e-308
1982-01-01,94.6,51.41,142.051,0,723545,54.421,-0.800000000000001,0.200830544521043,14.23,98.83,49.33,438.8,1773.27,5331.4,6238.9,99.7,14.29,14.39,5852.3,1.58,1e-37,1.58,1.58,1.58,2.19937738180105,1.58,1.19906507833538,2.19937738180105,1.19906507833538,14.33,12.81,8.83,0,0,0,0,0,0,-3.33748327538285e+151,0
1982-04-01,95.97,52.1,145.684,0,723635,55.08,0.0600000000000005,0.0300457686829851,14.51,99.27,48.72,446.07,1811.83,5445.3,6285.6,99.8,13.93,14.06,5884,1.64,1e-37,1.64,1.64,1.64,1.49711436624499,1.64,1.19906507834653,1.49711436624499,1.19906507834653,13.8,12.42,9.43,0,0,0,0,0,0,9.03840609774233e-251,1.11254011224729e-308
1982-07-01,97.63,52.93,149.286,0,723726,55.864,2.15,-2.00754498198349,11.01,100.5,48.04,451.83,1847.63,5538.1,6333.4,100.23,13.12,13.11,5861.4,3.79,1e-37,3.79,3.79,3.79,2.22500028404565,3.79,1.19906507836636,2.22500028404565,1.19906507836636,11.84,9.32,9.9,0,0,0,0,0,0,-6.47670054193705e-306,0
1982-10-01,97.93,53.67,152.766,0,723818,56.47,-1.23,-0.844459689219764,9.29,101.4,47.15,475.3,1894.37,5662.8,6381.6,100.33,10.67,10.47,5866,2.56,1e-37,2.56,2.56,2.56,3.75048157296277,2.56,1.19906507836392,3.75048157296277,1.19906507836392,9.13,7.91,10.67,0,0,0,0,0,0,-1.33740966499049e+283,0
1983-01-01,98,54.4,153.847,0,723910,56.929,-0.550000000000001,0.105989903018937,8.65,101.03,47.69,479.9,1987.37,5974.3,6427.4,100.37,10.56,10.12,5938.9,2.01,1e-37,2.01,2.01,2.01,1.84690863178287,2.01,1.19906507837494,1.84690863178287,1.19906507837494,8.86,8.11,10.37,0,0,0,0,0,0,-2.055016339726e+172,0
1983-04-01,99.13,54.82,158.741,0,724000,57.345,-0.18,0.0561486501768513,8.8,101.37,48.75,498.67,2039.83,6127.6,6472.6,100.73,10.54,10.23,6072.4,1.83,1e-37,1.83,1.83,1.83,2.00483024467202,1.83,1.19906507836522,2.00483024467202,1.19906507836522,9.18,8.4,10.13,0,0,0,0,0,0,-1.52704232581576e-192,0
1983-07-01,100.1,55.66,162.801,0,724091,57.929,0.449999999999999,-0.391044461994607,9.46,101.9,50.4,510.03,2075.2,6224.3,6518.3,101.7,11.63,11.42,6192.2,2.28,1e-37,2.28,2.28,2.28,1.45286676568467,2.28,1.19906507836807,1.45286676568467,1.19906507836807,10.3,9.14,9.37,0,0,0,0,0,0,6.98206038333858e+234,1.11253692938312e-308
1983-10-01,101.1,56.11,167.248,0,724183,58.355,0.33,-0.589284551131662,9.43,102.17,51.7,524.1,2118.63,6337.3,6564.9,102.2,11.69,11.41,6320.2,2.61,1e-37,2.61,2.61,2.61,2.52034486246832,2.61,1.19906507837491,2.52034486246832,1.19906507837491,9.95,8.8,8.53,0,0,0,0,0,0,-2.34394312556871e+20,0
1984-01-01,102.53,56.67,168.19,0,724275,59.096,-0.139999999999999,-0.373803189041858,9.69,103.4,53.24,523.43,2154.7,6474.1,6613.5,103.33,11.94,11.64,6442.8,2.47,1e-37,2.47,2.47,2.47,1.87948731690062,2.47,1.19906507836925,1.87948731690062,1.19906507836925,10.18,9.17,7.87,0,0,0,0,0,0,-2.87790984052292e-303,2.16827227517464e-308
1984-04-01,103.5,57.33,172.241,0,724366,59.602,0.739999999999998,-1.10080405875742,10.56,103.83,54.06,537.33,2201.47,6613.6,6664.6,104.03,13.2,13.01,6554,3.21,1e-37,3.21,3.21,3.21,2.34411662530338,3.21,1.19906507836969,2.34411662530338,1.19906507836969,11.55,9.8,7.43,0,0,0,0,0,0,9.13563001294767e+69,1.1330354085991e-308
1984-07-01,104.4,57.87,176.304,0,724457,60.081,-0.699999999999999,-0.715875742875905,11.39,103.87,54.46,541.6,2234.07,6700.9,6717.3,103.8,12.87,12.83,6617.7,2.51,1e-37,2.51,2.51,2.51,3.1845811200652,2.51,1.19906507836888,3.1845811200652,1.19906507836888,11.81,10.32,7.43,0,0,0,0,0,0,-7.36742174457066e-171,1.11253692928947e-308
1984-10-01,105.3,58.29,178.96,0,724549,60.465,0.18,-0.713450687527924,9.27,103.87,54.5,552.2,2289.03,6849.2,6771.5,103.53,11.74,11.49,6671.6,2.69,1e-37,2.69,2.69,2.69,1.99641282734887,2.69,1.19906507836852,1.99641282734887,1.19906507836852,10.02,8.8,7.3,0,0,0,0,0,0,7.78324585041648e-215,0
1985-01-01,106.27,59,179.167,0,724641,61.136,0.32,-0.815426522006181,8.48,104.07,54.65,557.13,2348.63,7055.1,6827.6,103.27,11.58,11.19,6734.5,3.01,1e-37,3.01,3.01,3.01,2.7596724070152,3.01,1.19906507836965,2.7596724070152,1.19906507836965,9.39,8.18,7.23,0,0,0,0,0,0,2.43171085541457e-217,0
1985-04-01,107.23,59.46,183.139,0,724731,61.483,-0.149999999999999,-0.616238374172827,7.92,104.7,54.7,576.53,2390.67,7180,6884.8,103.37,10.81,10.32,6791.5,2.86,1e-37,2.86,2.86,2.86,2.47199550770614,2.86,1.19906507836774,2.47199550770614,1.19906507836774,8.47,7.46,7.3,0,0,0,0,0,0,8.3294602504174e-257,0
1985-07-01,107.9,59.97,187.94,0,724822,61.736,-0.200000000000001,-0.353165120885404,7.9,104.33,54.6,596.3,2444.17,7332.6,6942.5,102.67,10.34,9.77,6897.6,2.66,1e-37,2.66,2.66,2.66,2.68619111750667,2.66,1.19906507836792,2.68619111750667,1.19906507836792,7.99,7.11,7.2,0,0,0,0,0,0,-2.4938460493616e-157,0
1985-10-01,109,60.46,191.902,0,724914,62.14,-0.599999999999999,0.0828733960195045,8.1,105.47,54.93,617.83,2485.07,7440.7,7000.4,103.3,9.76,9.23,6950,2.06,1e-37,2.06,2.06,2.06,2.21424692817472,2.06,1.19906507836845,2.21424692817472,1.19906507836845,7.85,7.17,7.03,0,0,0,0,0,0,-3.34035906940291e+22,0
1986-01-01,109.57,61.13,192.37,0,725006,62.456,-0.800000000000001,0.461300449174207,7.83,104.13,55.25,621.23,2514.53,7551,7057.2,101.73,8.56,8.16,7016.8,1.26,1e-37,1.26,1.26,1.26,1.83038695561608,1.26,1.19906507836809,1.83038695561608,1.19906507836809,7.46,6.9,7.03,0,0,0,0,0,0,-1.01120762817043e+88,0
1986-04-01,109.03,61.67,196.471,0,725096,62.786,8.88178419700125e-16,-0.043287062601026,6.92,102.73,54.93,651.83,2581.57,7751,7113.4,99.83,7.6,7.4,7045,1.26,1e-37,1.26,1.26,1.26,1.09674684955721,1.26,1.19906507836833,1.09674684955721,1.19906507836833,6.61,6.14,7.17,0,0,0,0,0,0,-1.23651055570427e+217,0
1986-07-01,109.7,62.25,201.154,0,725187,63.143,0.149999999999999,0.0733346006409885,6.21,102.63,55.15,678.77,2648.1,7945.2,7169.4,99.37,7.31,6.93,7112.9,1.41,1e-37,1.41,1.41,1.41,1.17545581448883,1.41,1.19906507836812,1.17545581448883,1.19906507836812,5.99,5.52,6.97,0,0,0,0,0,0,5.61644118613057e+36,1.11254541723676e-308
1986-10-01,110.47,62.85,205.494,0,725279,63.567,-0.00999999999999979,0.30180193943203,6.27,103.5,55.76,713.6,2711.83,8121.7,7225.1,99.73,7.26,6.75,7147.3,1.4,1e-37,1.4,1.4,1.4,1.24739178225548,1.4,1.19906507836824,1.24739178225548,1.19906507836824,5.8,5.35,6.83,0,0,0,0,0,0,1.63500118305458e-251,0
1987-01-01,111.8,63.43,207.293,0,725371,64.16,-0.2,0.385847303944125,6.22,104.33,56.5,725.77,2747.1,8249.7,7280.7,100.9,7.19,6.74,7186.9,1.2,1e-37,1.2,1.2,1.2,1.31351392654612,1.2,1.19906507836846,1.31351392654612,1.19906507836846,5.92,5.54,6.6,0,0,0,0,0,0,1.05894417459817e+86,0
1987-04-01,113.07,63.99,212.028,0,725461,64.526,1.09,-0.621876258082823,6.65,105.27,57.51,745.03,2772.63,8321,7336.2,102.5,8.34,7.95,7263.3,2.29,1e-37,2.29,2.29,2.29,1.13183679378132,2.29,1.1990650783683,1.13183679378132,1.1990650783683,6.77,5.66,6.27,0,0,0,0,0,0,3.17149757813649e-75,0
1987-07-01,114.27,64.62,217.007,0,725552,65.033,0.0899999999999999,-0.502123793727037,6.84,105.93,58.54,744.97,2790.77,8373.1,7391.7,103.67,8.88,8.42,7326.3,2.38,1e-37,2.38,2.38,2.38,2.54152362829906,2.38,1.19906507836835,2.54152362829906,1.19906507836835,7.13,6.04,6,0,0,0,0,0,0,216119.949218117,0
1987-10-01,115.33,65.28,223.01,0,725644,65.53,0.390000000000001,-0.80083715626219,6.92,105.93,59.97,758.03,2826.6,8468.8,7447.5,104.17,9.12,8.63,7451.7,2.77,1e-37,2.77,2.77,2.77,1.99857338011567,2.77,1.19906507836837,1.99857338011567,1.19906507836837,7.24,5.86,5.83,0,0,0,0,0,0,-5.99017917485009e+289,1.11253693618276e-308
1988-01-01,116.23,65.96,225.471,0,725736,66.068,-0.58,-0.299716056293619,6.66,106.43,60.51,753.43,2870.53,8617.3,7503.7,104.77,8.42,7.91,7490.2,2.19,1e-37,2.19,2.19,2.19,2.83561145306244,2.19,1.19906507836837,2.83561145306244,1.19906507836837,6.78,5.72,5.7,0,0,0,0,0,0,-7.79105808247131e-190,1.11253959563897e-308
1988-04-01,117.57,66.75,230.736,0,725827,66.689,0.0199999999999996,-0.274958898415303,7.16,107.23,61.02,773.27,2926.73,8783.9,7560,106.5,8.91,8.42,7586.4,2.21,1e-37,2.21,2.21,2.21,1.70868235291035,2.21,1.1990650783684,1.70868235291035,1.1990650783684,7.3,6.21,5.47,0,0,0,0,0,0,6.54617725219442e+259,1.11267486152177e-308
1988-07-01,119,67.52,236.1,0,725918,67.442,-0.46,-0.0455386495832215,7.98,108.73,61.29,782.07,2954,8865.1,7616.7,108,9.1,8.76,7625.6,1.75,1e-37,1.75,1.75,1.75,2.4144896903882,1.75,1.19906507836835,2.4144896903882,1.19906507836835,8,7.01,5.47,0,0,0,0,0,0,1.34540470828959e-69,1.28778619564205e-308
1988-10-01,120.3,68.24,240.621,0,726010,67.953,-0.68,0.297971358004101,8.47,109.6,61.71,790.27,2984.77,8942.6,7673.6,108.5,8.96,8.8,7727.4,1.07,1e-37,1.07,1.07,1.07,1.21834508965966,1.07,1.19906507836836,1.21834508965966,1.19906507836836,8.53,7.73,5.33,0,0,0,0,0,0,-6.34701983677939e+295,1.11254541723676e-308
1989-01-01,121.67,69.03,242.071,0,726102,68.723,-0.299999999999999,0.185409353388536,9.44,111.77,61.98,779.43,2996.4,8992,7730.9,110.93,9.21,9.31,7799.9,0.770000000000001,1e-37,0.770000000000001,0.770000000000001,0.770000000000001,1.05454436407306,0.770000000000001,1.19906507836837,1.05454436407306,1.19906507836837,9.29,8.54,5.2,0,0,0,0,0,0,1.33550456427555e+221,0
1989-04-01,123.63,69.64,245.818,0,726192,69.399,-0.350000000000001,0.533636660311341,9.73,113.7,61.76,776.37,3016.73,9053.9,7789.1,112.8,8.77,8.83,7858.3,0.42,1e-37,0.42,0.42,0.42,0.609613542525766,0.42,1.19906507836836,0.609613542525766,1.19906507836836,8.93,8.41,5.23,0,0,0,0,0,0,3.54720544219745e+197,
1989-07-01,124.6,70.12,249.28,0,726283,69.855,-0.23,0.900418582611383,9.08,113.73,61.36,778.3,3073.73,9227.6,7847.5,112.4,8.11,8.03,7920.6,0.19,1e-37,0.19,0.19,0.19,0.45142972220348,0.19,1.19906507836836,0.45142972220348,1.19906507836836,8.1,7.84,5.23,0,0,0,0,0,0,-1.87794862905133e-260,0
1989-10-01,125.87,70.77,252.579,0,726375,70.317,0,0.850491565083225,8.61,114.97,61.6,794.67,3139.43,9407.4,7906,112.83,7.91,7.84,7937.9,0.19,1e-37,0.19,0.19,0.19,0.250458536591812,0.19,1.19906507836835,0.250458536591812,1.19906507836835,7.83,7.65,5.37,0,0,0,0,0,0,-2.35148364613357e+89,
1990-01-01,128.03,71.64,256.112,0,726467,71.166,0.430000000000002,0.451068292450927,8.25,117.6,62.03,793.97,3179.97,9542.2,7964.7,114.5,8.42,8.38,8020.8,0.620000000000001,1e-37,0.620000000000001,0.620000000000001,0.620000000000001,0.295434050495597,0.620000000000001,1.19906507836835,0.295434050495597,1.19906507836835,8.13,7.76,5.3,0,0,0,0,0,0,1.97523824833901e+188,0
1990-04-01,129.3,72.58,262.764,0,726557,71.993,0.279999999999999,0.195884138686736,8.24,117.5,62.5,806.9,3207.5,9621.2,8023.2,114.33,8.68,8.65,8052.7,0.9,1e-37,0.9,0.9,0.9,0.859884259778317,0.9,1.19906507836836,0.859884259778317,1.19906507836836,8.27,7.75,5.33,0,0,0,0,0,0,75395062.7157744,
1990-07-01,131.53,73.32,270.759,0,726648,72.655,0.0499999999999989,0.567456714163068,8.16,119.27,62.76,813.6,3238.83,9725.3,8081.3,116.47,8.7,8.43,8052.6,0.949999999999999,1e-37,0.949999999999999,0.949999999999999,0.949999999999999,0.966092095722231,0.949999999999999,1.19906507836835,0.966092095722231,1.19906507836835,7.83,7.48,5.7,0,0,0,0,0,0,1.41062583249941e-124,0
1990-10-01,133.77,73.95,278.601,0,726740,73.239,0.0899999999999999,0.603012570624831,7.74,122.17,61.77,827.8,3269.23,9797.4,8138.9,119.87,8.4,8.03,7982,1.04,1e-37,1.04,1.04,1.04,1.07884994291675,1.04,1.19906507836836,1.07884994291675,1.19906507836836,7.3,6.99,6.13,0,0,0,0,0,0,1.48183505477961e-124,
1991-01-01,134.77,74.7,285.076,0,726832,74.026,0.590000000000002,-0.0487315342236716,6.43,121.9,60.59,829.17,3304.93,9915.9,8195.3,117.47,8.02,7.65,7943.4,1.63,1e-37,1.63,1.63,1.63,1.16088262406921,1.63,1.19906507836836,1.16088262406921,1.19906507836836,6.44,6.02,6.6,0,0,0,0,0,0,1.00522515982802e-84,0
1991-04-01,135.57,75.33,289.135,0,726922,74.553,0.59,-0.655718481193848,5.86,121.43,60.96,849.63,3343.43,10028.2,8250.4,116.3,8.13,7.78,7997,2.22,1e-37,2.22,2.22,2.22,1.77582879551501,2.22,1.19906507836836,1.77582879551501,1.19906507836836,6.24,5.56,6.83,0,0,0,0,0,0,-7.93043930729733e-250,
1991-07-01,136.6,76.08,293.952,0,727013,75.133,-0.11,-0.402289331223319,5.64,121.3,61.79,863.17,3351.07,10065.9,8304.9,116.13,7.94,7.49,8030.7,2.11,1e-37,2.11,2.11,2.11,2.12066466104346,2.11,1.19906507836836,2.12066466104346,1.19906507836836,5.89,5.38,6.87,0,0,0,0,0,0,3.87844278150505e+282,0
1991-10-01,137.73,76.73,299.792,0,727105,75.569,-0.0900000000000008,0.184468909917317,4.82,122.2,61.91,893.97,3370.2,10096.9,8359.1,116.23,7.35,6.56,8062.2,2.02,1e-37,2.02,2.02,2.02,1.926006806081,2.02,1.19906507836836,1.926006806081,1.19906507836836,4.87,4.54,7.1,0,0,0,0,0,0,5.43009662324477e+264,
1992-01-01,138.67,77.46,302.585,0,727197,75.954,0.68,-0.643096276320678,4.02,122.23,61.84,920.37,3392,10182.9,8413.2,115.9,7.3,6.59,8150.7,2.7,1e-37,2.7,2.7,2.7,1.97752392646658,2.7,1.19906507836836,1.97752392646658,1.19906507836836,4.36,3.89,7.37,0,0,0,0,0,0,3.01638171644636e-48,0
1992-04-01,139.73,78.04,308.033,0,727288,76.423,0.27,-0.86523727692625,3.77,122.93,62.93,949.2,3397.87,10189.6,8467.4,117.17,7.38,6.65,8237.3,2.97,1e-37,2.97,2.97,2.97,2.66489778235188,2.97,1.19906507836836,2.66489778235188,1.19906507836836,4.22,3.68,7.6,0,0,0,0,0,0,3.2781362022475e+242,
1992-07-01,140.8,78.51,315.934,0,727379,76.778,-0.44,-0.060682119917864,3.26,123.47,63.38,971.6,3396.03,10200.1,8522,117.87,6.62,5.61,8322.3,2.53,1e-37,2.53,2.53,2.53,2.621462005113,2.53,1.19906507836836,2.621462005113,1.19906507836836,3.42,3.08,7.63,0,0,0,0,0,0,-1.87096027597499e-227,0
1992-10-01,142.03,79.01,325.098,0,727471,77.214,0.31,-0.664926145855254,3.04,124.17,64.02,1022.6,3430,10271.5,8577.4,117.83,6.74,5.91,8409.8,2.84,1e-37,2.84,2.84,2.84,2.18766287253926,2.84,1.19906507836836,2.18766287253926,1.19906507836836,3.56,3.07,7.37,0,0,0,0,0,0,2.09479544620049e-304,
1993-01-01,143.07,79.45,330.469,0,727563,77.677,-0.32,-0.471959370337654,3.04,124.7,64.57,1030.73,3410.03,10241.2,8634.5,118.37,6.28,5.48,8425.3,2.52,1e-37,2.52,2.52,2.52,2.72989418335562,2.52,1.19906507836836,2.72989418335562,1.19906507836836,3.41,2.96,7.13,0,0,0,0,0,0,2.34034036042573e+117,0
1993-04-01,144.1,79.95,338.976,0,727653,78.106,-0.310000000000001,-0.191649751166763,3,125.53,64.74,1062,3430.03,10286,8692.8,119.5,5.99,5.18,8479.2,2.21,1e-37,2.21,2.21,2.21,2.14003655693756,2.21,1.19906507836836,2.14003655693756,1.19906507836836,3.38,2.97,7.07,0,0,0,0,0,0,1.11382664452484e-308,
1993-07-01,144.77,80.32,348.488,0,727744,78.466,-0.259999999999999,-0.235790694503516,3.06,124.37,65.06,1090,3440.63,10334.4,8752.4,118.87,5.62,4.95,8523.8,1.95,1e-37,1.95,1.95,1.95,2.03667850326573,1.95,1.19906507836836,2.03667850326573,1.19906507836836,3.42,3,6.8,0,0,0,0,0,0,1.11253692925379e-308,0
1993-10-01,145.97,80.7,357.446,0,727836,78.897,-0.0400000000000005,-0.249705900086381,2.99,124.33,66.03,1131.3,3472.43,10395.8,8813.2,118.9,5.61,4.97,8636.4,1.91,1e-37,1.91,1.91,1.91,1.58571741623957,1.91,1.19906507836836,1.58571741623957,1.19906507836836,3.53,3.06,6.63,0,0,0,0,0,0,1.11579631478852e-308,
1994-01-01,146.7,81.1,364.496,0,727928,79.311,0.330000000000001,-0.592113637519804,3.21,124.97,66.86,1132.2,3470.37,10425.5,8875.3,119.37,6.07,5.48,8720.5,2.24,1e-37,2.24,2.24,2.24,1.86458029726608,2.24,1.19906507836836,1.86458029726608,1.19906507836836,3.91,3.24,6.57,0,0,0,0,0,0,-4310085582848,0
1994-04-01,147.53,81.62,374.718,0,728018,79.689,0.44,-1.18174647052256,3.94,125.13,68.08,1142,3485.4,10452.5,8938.6,120.03,7.08,6.67,8839.8,2.68,1e-37,2.68,2.68,2.68,2.01697770564453,2.68,1.19906507836836,2.01697770564453,1.19906507836836,5.13,3.99,6.2,0,0,0,0,0,0,6.3935676793508e+218,
1994-07-01,148.9,82.17,384.653,0,728109,80.163,-0.2,-1.01084582986962,4.49,125.93,68.94,1147.13,3482.9,10458.5,9003,120.97,7.33,6.96,8896.7,2.48,1e-37,2.48,2.48,2.48,2.48845633212498,2.48,1.19906507836836,2.48845633212498,1.19906507836836,5.6,4.48,6,0,0,0,0,0,0,2.45962488408623e+256,0
1994-10-01,149.77,82.6,393.873,0,728201,80.576,-0.13,-1.07686066561513,5.17,126.07,70.3,1159.53,3491.87,10455.8,9068.6,121.43,7.84,7.63,8995.5,2.35,1e-37,2.35,2.35,2.35,2.20227702558697,2.35,1.19906507836836,2.20227702558697,1.19906507836836,6.6,5.28,5.63,0,0,0,0,0,0,-3.46120063898681e-105,
1995-01-01,150.87,83.08,398.847,0,728293,81.038,-0.7,-0.644516523608486,5.81,127.17,71.17,1144.7,3485.63,10468.9,9135.2,123.43,7.48,7.39,9017.6,1.65,1e-37,1.65,1.65,1.65,2.25064125935794,1.65,1.19906507836836,2.25064125935794,1.19906507836836,6.73,5.74,5.47,0,0,0,0,0,0,4.66726147363001e-62,0
1995-04-01,152.1,83.58,407.593,0,728383,81.397,-0.849999999999999,0.292338381163393,6.02,127.77,71.38,1145.1,3523.03,10566.5,9203.2,124.93,6.62,6.4,9037,0.800000000000001,1e-37,0.800000000000001,0.800000000000001,0.800000000000001,1.36971570533311,0.800000000000001,1.19906507836836,1.36971570533311,1.19906507836836,5.97,5.6,5.67,0,0,0,0,0,0,-9.73433355007347e+205,
1995-07-01,152.87,83.99,410.724,0,728474,81.78,-0.0900000000000008,0.368453275709326,5.8,128,72.05,1141.13,3581.23,10752.7,9272.3,125.2,6.32,6.08,9112.9,0.71,1e-37,0.71,0.71,0.71,0.739306945184507,0.71,1.19906507836836,0.739306945184507,1.19906507836836,5.65,5.37,5.67,0,0,0,0,0,0,-7.59351994969056e+185,0
1995-10-01,153.7,84.4,415.032,0,728566,82.195,-0.279999999999999,0.508864465580748,5.72,128.8,72.61,1141.4,3624.47,10857.7,9342.7,125.47,5.89,5.69,9176.4,0.430000000000001,1e-37,0.430000000000001,0.430000000000001,0.430000000000001,0.654139127971386,0.430000000000001,1.19906507836836,0.654139127971386,1.19906507836836,5.44,5.26,5.57,0,0,0,0,0,0,-5.41133702630759e+66,
1996-01-01,155.07,84.76,415.544,0,728658,82.67,0.21,0.546135838662305,5.36,129.97,73.09,1118,3662.87,10992.6,9414.5,126.3,5.91,5.57,9239.3,0.640000000000001,1e-37,0.640000000000001,0.640000000000001,0.640000000000001,0.344419173294316,0.640000000000001,1.19906507836836,0.344419173294316,1.19906507836836,5.12,4.93,5.53,0,0,0,0,0,0,8.02989135483949e+283,0
1996-04-01,156.4,85.15,420.625,0,728749,82.987,0.83,-0.343983049952788,5.24,131.03,74.63,1117.57,3708.67,11123.9,9487.1,127.83,6.72,6.49,9399,1.47,1e-37,1.47,1.47,1.47,0.778645999265296,1.47,1.19906507836836,0.778645999265296,1.19906507836836,5.66,5.02,5.5,0,0,0,0,0,0,-4.93652238369399e+227,
1996-07-01,157.3,85.57,429.817,0,728840,83.25,-0.0300000000000003,-0.286803860526707,5.31,131.5,75.64,1100.03,3737.97,11228.5,9561,128.17,6.78,6.54,9480.8,1.44,1e-37,1.44,1.44,1.44,1.52824350526091,1.44,1.19906507836836,1.52824350526091,1.19906507836836,5.78,5.1,5.27,0,0,0,0,0,0,2.55399850201141e+113,0
1996-10-01,158.67,86.07,438.045,0,728932,83.71,-0.320000000000001,-0.0382970345618059,5.28,132.6,76.63,1090.53,3789.07,11359.2,9636.3,128.43,6.34,6.1,9584.3,1.12,1e-37,1.12,1.12,1.12,1.42431914860736,1.12,1.19906507836836,1.42431914860736,1.19906507836836,5.48,4.98,5.33,0,0,0,0,0,0,-1.62344739037103e-25,
1997-01-01,159.63,86.48,442.628,0,729024,84.251,0.180000000000002,-0.252270928502167,5.28,132.77,78.06,1074.63,3836,11501.8,9713.1,128.5,6.56,6.36,9658,1.3,1e-37,1.3,1.3,1.3,1.19862790908682,1.3,1.19906507836836,1.19862790908682,1.19906507836836,5.65,5.06,5.23,0,0,0,0,0,0,3.13151333375668e-294,0
1997-04-01,160,86.95,448.841,0,729114,84.447,0.22,-0.571533942076433,5.52,131.53,79.29,1064.67,3878,11630.8,9791.6,127.2,6.7,6.57,9801.2,1.52,1e-37,1.52,1.52,1.52,1.40232350088511,1.52,1.19906507836836,1.40232350088511,1.19906507836836,5.85,5.05,5,0,0,0,0,0,0,0,
1997-07-01,160.8,87.17,457.055,0,729205,84.742,-0.44,-0.241137046319356,5.53,131.3,81.15,1064.8,3930.5,11814.6,9871.7,127.2,6.24,6.13,9924.2,1.08,1e-37,1.08,1.08,1.08,1.5281660505388,1.08,1.19906507836836,1.5281660505388,1.19906507836836,5.54,5.05,4.87,0,0,0,0,0,0,1.11253721522569e-308,0
1997-10-01,161.67,87.49,467.646,0,729297,85.055,-0.34,-0.00704728756411477,5.51,131.63,83.12,1076.4,4002.27,11997.2,9953.6,127.5,5.91,5.83,10000.3,0.74,1e-37,0.74,0.74,0.74,0.881438260594975,0.74,1.19906507836836,0.881438260594975,1.19906507836836,5.48,5.09,4.67,0,0,0,0,0,0,-4.40310683194721e-44,
1998-01-01,162,87.79,473.216,0,729389,85.198,-0.28,0.220957676773995,5.52,130.6,84.03,1074.1,4077.27,12218.8,10037.5,125.03,5.59,5.51,10094.8,0.46,1e-37,0.46,0.46,0.46,0.78752439498705,0.46,1.19906507836836,0.78752439498705,1.19906507836836,5.31,5.05,4.63,0,0,0,0,0,0,-1891.48891394139,0
1998-04-01,162.53,88.11,478.855,0,729479,85.402,0.149999999999999,-0.0494283200379151,5.5,130.53,84.63,1077.9,4149.9,12444.8,10123.2,124.93,5.6,5.59,10185.6,0.609999999999999,1e-37,0.609999999999999,0.609999999999999,0.609999999999999,0.519949401261123,0.609999999999999,1.19906507836836,0.519949401261123,1.19906507836836,5.41,4.98,4.4,0,0,0,0,0,0,-5.87072356001641,
1998-07-01,163.37,88.45,488.886,0,729570,85.729,-0.31,0.317588727061066,5.53,130.5,85.25,1071.37,4207.2,12652.9,10210.5,124.3,5.2,5.12,10320,0.3,1e-37,0.3,0.3,0.3,0.759069698602218,0.3,1.19906507836836,0.759069698602218,1.19906507836836,5.09,4.82,4.53,0,0,0,0,0,0,-1810931.49402674,0
1998-10-01,164.13,88.78,503.2,0,729662,85.988,-0.16,0.740074354035615,4.86,131,86.38,1098.87,4328.27,12978,10299.2,123.47,4.67,4.39,10498.6,0.14,1e-37,0.14,0.14,0.14,0.200009642827662,0.14,1.19906507836836,0.200009642827662,1.19906507836836,4.39,4.25,4.43,0,0,0,0,0,0,-314213.715333838,
1999-01-01,164.73,89.12,511.966,0,729754,86.371,0.33,0.146702380522473,4.73,131.47,87.25,1095.53,4410.27,13206.6,10389.1,122.6,4.98,4.88,10592.1,0.47,1e-37,0.47,0.47,0.47,0.390144696226903,0.47,1.19906507836836,0.390144696226903,1.19906507836836,4.66,4.41,4.3,0,0,0,0,0,0,-2100867.00988975,0
1999-04-01,165.97,89.43,523.736,0,729844,86.675,0.520000000000001,-0.282306307069222,4.75,132.27,88.09,1102.73,4467.83,13396.5,10480.2,124.5,5.54,5.44,10674.9,0.99,1e-37,0.99,0.99,0.99,0.642358342330041,0.99,1.19906507836836,0.642358342330041,1.19906507836836,4.88,4.45,4.27,0,0,0,0,0,0,-5.9249495982061e-07,
1999-07-01,167.2,89.73,537.496,0,729935,86.998,0.129999999999999,-0.339631461438984,5.09,133.57,88.96,1092.07,4517.33,13595.2,10572.6,126.87,5.88,5.77,10810.7,1.12,1e-37,1.12,1.12,1.12,1.16974512623064,1.12,1.19906507836836,1.16974512623064,1.19906507836836,5.16,4.65,4.23,0,0,0,0,0,0,-0.000274436893266176,0
1999-10-01,168.43,90.1,573.475,0,730027,87.305,-0.0999999999999996,-0.249675855682131,5.31,134.83,90.59,1118.77,4595.83,13776.6,10666.4,127.93,6.14,6.06,11004.8,1.02,1e-37,1.02,1.02,1.02,1.10821488098399,1.02,1.19906507836836,1.10821488098399,1.19906507836836,5.61,5.04,4.07,0,0,0,0,0,0,-3.28785973405746e+153,
2000-01-01,170.1,90.65,572.796,0,730119,88,0.0500000000000007,-0.575603414841448,5.68,136.37,91.65,1111.07,4673.2,13992.9,10761.6,129.63,6.48,6.59,11033.6,1.07,1e-37,1.07,1.07,1.07,1.12439286722016,1.07,1.19906507836836,1.12439286722016,1.19906507836836,6.19,5.52,4.03,0,0,0,0,0,0,-8.86023005421898e+146,0
2000-04-01,171.43,90.93,566.427,0,730210,88.446,-0.36,-0.490940323887685,6.27,137.33,92.68,1109.3,4742.9,14223.5,10859.8,132.03,6.18,6.42,11248.8,0.71,1e-37,0.71,0.71,0.71,1.19989077840633,0.71,1.19906507836836,1.19989077840633,1.19906507836836,6.22,5.71,3.93,0,0,0,0,0,0,-4.61451174774119e+154,
2000-07-01,173,91.3,570.268,0,730301,88.979,-0.67,0.253950016720072,6.52,138.37,92.55,1095.37,4783,14389.8,10958.9,133.77,5.89,6.06,11258.3,0.04,1e-37,0.04,0.04,0.04,0.692381803286979,0.04,1.19906507836836,0.692381803286979,1.19906507836836,6.13,6.02,4,0,0,0,0,0,0,-1.12700654690424e+152,0
2000-10-01,174.23,91.74,577.234,0,730393,89.447,-0.51,1.04312726560826,6.47,140.07,92.24,1098.67,4872.47,14601.7,11058.5,135.53,5.57,5.55,11325,-0.47,1e-37,-0.47,-0.47,-0.47,0.0774949845877047,-0.47,1.19906507836836,0.0774949845877047,1.19906507836836,5.9,6.02,3.9,0,0,0,0,0,0,-1.57504612093678e+156,
2001-01-01,175.9,92.3,584.061,0,730485,90.054,0.449999999999999,0.909528098165676,5.59,141.6,90.92,1100.47,5003.07,14988.8,11158.1,137.77,5.05,4.8,11287.8,-0.0200000000000005,1e-37,-0.0200000000000005,-0.0200000000000005,-0.0200000000000005,-0.334938381548024,-0.0200000000000005,1.19906507836836,-0.334938381548024,1.19906507836836,4.6,4.82,4.23,0,0,0,0,5.53290466281807e-222,0,-4.40869669203425e+143,0
2001-04-01,177.13,92.65,591.447,0,730575,90.666,1.19,0.0864469697333039,4.33,142.03,89.68,1122.57,5122.23,15362.3,11256.6,136.23,5.27,4.83,11361.7,1.17,1e-37,1.17,1.17,1.17,0.294450877717676,1.17,1.19906507836836,0.294450877717676,1.19906507836836,3.78,3.66,4.4,0,0,0,0,1.11253692925372e-308,1.11253693734951e-308,-4.51038835051702e+145,
2001-07-01,177.63,92.86,607.216,0,730666,90.952,0.140000000000001,0.00390719010158236,3.5,140.7,88.42,1159.27,5223.77,15705.6,11353.9,133.37,4.98,4.48,11330.4,1.31,1e-37,1.31,1.31,1.31,1.30480533691692,1.31,1.19906507836836,1.30480533691692,1.19906507836836,3.3,3.17,4.83,0,0,0,0,0,0,-4.1367198496724e+154,0
2001-10-01,177.5,93.33,623.225,0,730758,91.232,0.869999999999999,-0.586472387740935,2.13,138.5,87.4,1178.9,5359.8,16061.1,11449.4,129.4,4.77,4.09,11370,2.18,1e-37,2.18,2.18,2.18,1.22154413816636,2.18,1.19906507836836,1.22154413816636,1.19906507836836,2.24,1.91,5.5,0,0,0,0,0,0,-6.71913940161388e+151,
2002-01-01,178.07,93.65,636.932,0,730850,91.555,0.560000000000001,-1.20068291838034,1.73,138.17,87.97,1188.97,5449.9,16342.1,11541.1,128.9,5.08,4.46,11467.1,2.74,1e-37,2.74,2.74,2.74,2.50314251717207,2.74,1.19906507836836,2.50314251717207,1.19906507836836,2.32,1.72,5.7,0,0,0,0,0,0,-3.05634345598367e+155,0
2002-04-01,179.47,94.2,649.64,0,730940,91.965,-0.0199999999999996,-1.10771274769357,1.75,138.63,89.38,1192.53,5492.57,16469.3,11631.5,130.83,5.1,4.44,11528.1,2.72,1e-37,2.72,2.72,2.72,2.59627438089898,2.72,1.19906507836836,2.59627438089898,1.19906507836836,2.34,1.72,5.83,0,0,0,0,0,0,-1.70838484654493e+154,
2002-07-01,180.43,94.69,661.127,0,731031,92.363,-1.01,0.201553289680916,1.74,138.83,89.91,1189.5,5583.3,16778.2,11719.6,131.67,4.26,3.35,11586.6,1.71,1e-37,1.71,1.71,1.71,2.68065849506767,1.71,1.19906507836836,2.68065849506767,1.19906507836836,1.81,1.64,5.73,0,0,0,0,2.29402613735622e-297,5.10393560617493e-303,-2.20614142760659e+157,0
2002-10-01,181.5,95.02,669.729,0,731123,92.894,-0.0300000000000005,0.347803250225363,1.44,139.9,89.83,1215.8,5715.43,17127.2,11805.1,133.07,4.01,3.01,11590.6,1.68,1e-37,1.68,1.68,1.68,1.26985557732583,1.68,1.19906507836836,1.26985557732583,1.19906507836836,1.53,1.33,5.87,0,0,0,0,7.29111854287892e-304,,-1.64018705404041e+150,
2003-01-01,183.37,95.25,680.775,0,731215,93.543,0.0700000000000005,0.280609766684934,1.25,142.6,90.53,1231.77,5798.17,17402.5,11888.3,138.03,3.92,2.91,11638.9,1.75,1e-37,1.75,1.75,1.75,1.82718955222761,1.75,1.19906507836836,1.82718955222761,1.19906507836836,1.3,1.16,5.87,0,0,0,0,4.77139277231235e-305,-8193.99999988126,-2.40576394565568e+151,0
2003-04-01,183.07,95.61,690.149,0,731305,93.815,-0.22,0.521584901709824,1.25,142.27,89.81,1270,5922.17,17750.8,11966.9,137.17,3.62,2.57,11737.5,1.53,1e-37,1.53,1.53,1.53,1.40748599459769,1.53,1.19906507836836,1.40748599459769,1.19906507836836,1.15,1.04,6.13,0,0,0,0,1.1125369330243e-308,1.11278404605072e-308,-1.20121706368682e-119,
2003-07-01,184.43,96.02,695.542,0,731396,94.337,0.68,0.0104209193982143,1.02,143.5,90.23,1288.47,6029.5,18114.9,12042.9,138.07,4.23,3.14,11930.7,2.21,1e-37,2.21,2.21,2.21,1.36558084800901,2.21,1.19906507836836,1.36558084800901,1.19906507836836,1.22,0.93,6.13,0,0,0,0,1.11275292292067e-308,7.85389462876046e-305,-8.33846426614309e-65,0
2003-10-01,185.13,96.41,708.443,0,731488,94.818,0.12,-0.186980612612572,1,144.83,90.95,1304.77,6040.37,18097,12116.4,139.23,4.29,3.25,12038.6,2.33,1e-37,2.33,2.33,2.33,2.12017160606329,2.33,1.19906507836836,2.12017160606329,1.19906507836836,1.3,0.92,5.83,0,0,0,0,0,0,-1.58325950930415e-24,
2004-01-01,186.7,96.99,713.756,0,731580,95.643,-0.26,0.0117184558082304,1,145.97,91.59,1315.1,6071.8,18240.9,12187.1,142.2,4.02,2.99,12117.9,2.07,1e-37,2.07,2.07,2.07,2.13004665075303,2.07,1.19906507836836,2.13004665075303,1.19906507836836,1.22,0.92,5.7,0,0,0,0,7.74681714577867e-304,0,-1.31282118253093e-28,0
2004-04-01,188.17,97.62,721.66,0,731671,96.45,0.57,-0.72549234564676,1.01,148,91.98,1341.1,6219.5,18629.7,12256.1,146.27,4.6,3.72,12195.9,2.64,1e-37,2.64,2.64,2.64,2.00764993844116,2.64,1.19906507836836,2.00764993844116,1.19906507836836,1.78,1.08,5.6,0,0,0,0,8.65821437884668e-304,1.18234316379115e-308,-1.06555173602874e-19,
2004-07-01,189.37,98.1,735.861,0,731762,97.149,-0.620000000000001,-0.31110877373508,1.43,148.53,92.49,1346.5,6271.53,18838.7,12324.3,147.7,4.3,3.51,12286.7,2.02,1e-37,2.02,2.02,2.02,2.53273660846442,2.02,1.19906507836836,2.53273660846442,1.19906507836836,2.08,1.49,5.43,8.25128529336723e-72,6.88268575393575e-72,8.25128529336723e-72,9.60937306606599e-308,1.18207155250688e-308,1.18234423311047e-308,-6.2943525652269e-21,0
2004-10-01,191.4,98.55,747.623,0,731854,97.874,-0.539999999999999,0.0160369203930193,1.95,151.57,93.8,1374.3,6370.37,19096.3,12392.4,150.53,4.17,3.49,12387.2,1.48,1e-37,1.48,1.48,1.48,1.67073346570849,1.48,1.19906507836836,1.67073346570849,1.19906507836836,2.47,2.01,5.43,9.39601823083233e-154,9.39599071151614e-154,9.39601823083233e-154,1.11253692925462e-308,1.11253693490381e-308,1.11290722035229e-308,-1.53083489668199e-19,
2005-01-01,192.37,99.24,750.988,0,731946,98.776,-0.140000000000001,-0.276023222595757,2.47,152.77,95.15,1365.77,6392.83,19207.5,12462.5,152.07,4.3,3.88,12515,1.34,1e-37,1.34,1.34,1.34,1.44608011394145,1.34,1.19906507836836,1.44608011394145,1.19906507836836,3.06,2.54,5.3,1.70339460224944e+88,3817554.38404099,1.94158932571841e-114,2.2250738585072e-308,2.83781748579562e-304,-2.24289580760132e+197,-1.19534273546659e-34,0
2005-04-01,193.67,99.77,756.623,0,732036,99.437,-0.33,-0.195362613811046,2.94,154,95.58,1374.03,6461.63,19340.4,12533.1,154.53,4.16,3.87,12570.7,1.01,1e-37,1.01,1.01,1.01,1.1201944084501,1.01,1.19906507836836,1.1201944084501,1.19906507836836,3.34,2.86,5.1,1.91925062296038e-76,1.91925062296038e-76,1.52209348054402e-52,1.18207048733195e-308,1.11253692926949e-308,1.1125379708241e-308,-1.79478709571749e-32,
2005-07-01,196.6,100.17,764.811,0,732127,100.458,-0.33,-0.0663998323626078,3.46,156.7,95.21,1368.2,6526.57,19607.2,12604.4,158.7,4.21,4.04,12670.5,0.68,1e-37,0.68,0.68,0.68,1.00276179281162,0.68,1.19906507836836,1.00276179281162,1.19906507836836,3.79,3.36,4.97,1.3805198314482e+83,1.3805198314482e+83,9.40184505952858e-154,1.25160510642439e-308,5.6742428005e-299,1.11253693572942e-308,-6.12438762428486e+124,0
2005-10-01,198.43,100.83,776.264,0,732219,101.302,-0.120000000000001,-0.0229150178347961,3.98,159.6,95.96,1378.17,6627.67,19883.7,12676.7,164.3,4.49,4.39,12735.6,0.56,1e-37,0.56,0.56,0.56,0.549247424264184,0.56,1.19906507836836,0.549247424264184,1.19906507836836,4.29,3.83,4.97,2274445366493210,2274445366493210,3.27420202702323e-33,1.11255178545829e-308,9.82161718336822e+242,6.78857267825532e+199,-2.73647796704424e+119,
2006-01-01,199.47,101.32,786.999,0,732311,102.055,-0.399999999999999,0.250642779164853,4.46,159.5,96.92,1376.9,6709.8,20144,12750.3,162.77,4.57,4.55,12896.4,0.16,1e-37,0.16,0.16,0.16,0.619101790861142,0.16,1.19906507836836,0.619101790861142,1.19906507836836,4.63,4.39,4.73,3.18636345411134e-110,3.18636345411134e-110,9.16650005744111e-72,1.24022802597494e-308,3.01901700316976e-67,3.89129865098235e-71,-7.35656802347173e+125,0
2006-04-01,201.27,102.03,793.455,0,732401,102.948,0.13,0.306465743823424,4.91,160.87,97.53,1387.8,6804.37,20355,12825.8,165.4,5.07,4.99,12948.7,0.29,1e-37,0.29,0.29,0.29,0.240423159065097,0.29,1.19906507836836,0.240423159065097,1.19906507836836,5.02,4.7,4.63,9.70794665826812e-115,9.70794665826812e-115,2.85371002479866e-110,2.08615316006008e-308,0,1.51532506180361e-153,-3.90986802925652e+123,
2006-07-01,203.17,102.6,794.334,0,732492,103.724,-0.36,0.603983140649088,5.25,161.1,97.89,1361.7,6862.07,20631.3,12902.4,166.7,4.9,4.84,12950.4,-0.0700000000000003,1e-37,-0.0700000000000003,-0.0700000000000003,-0.0700000000000003,0.511374816205566,-0.0700000000000003,1.19906507836836,0.511374816205566,1.19906507836836,5.09,4.91,4.63,9.40181720393637e-154,1.70343377202314e+88,9.70794659775887e-115,-1.28435922495444e+107,0,1.79938857557212e-153,-2.41989931964592e+128,0
2006-10-01,202.33,103.11,802.363,0,732584,104.186,-0.23,0.737821968590936,5.25,159.93,98.03,1371.63,6994.9,20996.9,12979.9,164.13,4.63,4.6,13038.4,-0.300000000000001,1e-37,-0.300000000000001,-0.300000000000001,-0.300000000000001,-0.0633006184598342,-0.300000000000001,1.19906507836836,-0.0633006184598342,1.19906507836836,4.99,4.9,4.43,2.85689088799248e-110,4.51063693457947e-67,9.39890378958824e-154,1.1125369292536e-308,1.11253693339812e-308,1.11280854471484e-308,-5.60148444597497e+116,
2007-01-01,204.32,103.86,806.367,0,732676,105.38,-0.0299999999999994,0.775946192913104,5.26,162.57,99.01,1364.37,7103.47,21300.5,13058.4,166.7,4.68,4.65,13056.1,-0.33,1e-37,-0.33,-0.33,-0.33,0.039368742183463,-0.33,1.19906507836836,0.039368742183463,1.19906507836836,5.01,4.98,4.5,529561.088198278,9.39453362751501e-154,8.30043869527455e-48,0,1.11253713234092e-308,1.12584645986161e-308,-2.42160448228465e+118,0
2007-04-01,206.63,104.29,809.742,0,732766,106.098,0.35,0.55814927704535,5.25,165.8,100.12,1382.33,7240.9,21656.1,13138.1,172.83,4.85,4.76,13173.6,0.0199999999999996,1e-37,0.0199999999999996,0.0199999999999996,0.0199999999999996,-0.16752849470569,0.0199999999999996,1.19906507836836,-0.16752849470569,1.19906507836836,4.93,4.74,4.5,1.85314391307884e-114,6.56969724124071e+91,2274458251399190,0,0,0,-6.08311974990353e+125,
2007-07-01,207.94,104.83,812.551,0,732857,106.453,0.180000000000001,0.602672822024829,5.07,166.93,100.36,1365.33,7302.23,21974.7,13217.7,173.67,4.73,4.5,13269.8,0.2,1e-37,0.2,0.2,0.2,0.381038753602565,0.2,1.19906507836836,0.381038753602565,1.19906507836836,4.52,4.3,4.67,3837586.64941898,6.86596230039373e-72,2.65005680285364e+92,0,0,0,-2.42535715069181e+123,0
2007-10-01,210.49,105.55,818.435,0,732949,106.958,0.2,0.744627999143896,4.5,171.13,100.51,1377.63,7408.97,22253.9,13296.5,177.43,4.26,3.79,13326,0.4,1e-37,0.4,0.4,0.4,0.308581004720014,0.4,1.19906507836836,0.308581004720014,1.19906507836836,3.62,3.39,4.8,5.66871679138026e-153,1.85323525164714e-114,3.73163351204358e-91,0,0,0,-1.60259396219609e+127,
2008-01-01,212.77,106.21,815.428,0,733041,107.591,0.31,1.10406259781487,3.18,174.2,100.22,1380.37,7572.17,22669.8,13373.3,183.87,3.66,2.75,13266.8,0.71,1e-37,0.71,0.71,0.71,0.671833471852528,0.71,1.19906507836836,0.671833471852528,1.19906507836836,2.1,2.04,5,5.77241005232225e-101,5.89795875059018e-96,3.18954400048921e-110,0,0,0,-2.24406394349911e+125,0
2008-04-01,215.54,106.84,818.49,0,733132,108.302,0.82,0.00769186538625544,2.09,178.5,98.72,1402.93,7707.17,23051.1,13449.5,196,3.89,3.16,13310.5,1.53,1e-37,1.53,1.53,1.53,0.907206681132792,1.53,1.19906507836836,0.907206681132792,1.19906507836836,2.07,1.63,5.33,1.94555485367258e-114,9.76544684251753e-115,2.63363531582693e+92,0,1.17634419051052e-308,-1.08010579233373e+207,-1.68980357479116e+130,
2008-07-01,218.86,107.38,832.188,0,733223,109.162,0.0899999999999996,-0.0523224287280915,1.94,182.7,95.46,1419.77,7738.83,23317.5,13523.3,200.47,3.86,3.11,13186.9,1.62,1e-37,1.62,1.62,1.62,1.75934511959225,1.62,1.19906507836836,1.75934511959225,1.19906507836836,2.12,1.49,6,9.70796154365318e-115,2.85370571196444e-110,3.73163351218646e-91,0,1.1125379902515e-308,1.18207048733195e-308,-1.27641357026309e+122,0
2008-10-01,213.85,107.64,865.189,0,733315,109.3,0.26,0.146325882204717,0.51,173.63,91.42,1535.73,8029.1,24113.8,13594,178.03,3.25,2.18,12883.5,1.88,1e-37,1.88,1.88,1.88,1.48523464088328,1.88,1.19906507836836,1.48523464088328,1.19906507836836,0.99,0.3,6.87,3.02321744462615e-110,3823698.40747872,3.85485022549049e-110,0,1.11253799025143e-308,1.18207048318743e-308,-1.0974782041026e+123,
2009-01-01,212.43,107.83,894.382,0,733407,109.539,-0.33,0.23658771196328,0.18,170.33,86.56,1575.27,8312.87,24871.7,13660.1,169.53,2.74,1.76,12711,1.55,1e-37,1.55,1.55,1.55,2.00457769526966,1.55,1.19906507836836,2.00457769526966,1.55,0.57,0.21,8.27,6.88268674681591e-72,3.51901685411396e-110,2.17233619775921e-153,0,1.11253693330959e-308,1.1128027423826e-308,-1.19545052849319e-140,0
2009-04-01,213.48,108.29,905.63,0,733497,109.325,0.51,-0.00649492836919929,0.18,171.37,83.99,1635,8404.13,25140.4,13719.2,171.33,3.31,2.23,12701,2.06,1e-37,2.06,2.06,2.06,1.34654706878881,2.06,1.19906507836836,1.34654706878881,2.06,0.52,0.17,9.3,922778.078637992,1.22938582746085e-13,2275508378702880,0,3.13151306258522e-294,1.11253858706281e-308,-1.67595422891267e-79,6.68622766460589e+269
2009-07-01,215.35,108.69,911.432,0,733588,109.457,0.25,-0.274663546934518,0.16,173.13,85.03,1649.2,8363.07,25205.6,13774.8,173.87,3.52,2.47,12746.7,2.31,1e-37,2.31,2.31,2.31,2.25206734031564,2.31,1.19906507836836,2.25206734031564,2.31,0.45,0.16,9.63,1.26656953163109e-52,1.70461306500665e+25,8.25128546033388e-72,0,1.171225609999e+166,1.16226196208179e+214,-2.29327382404412e-44,1.1137195538761e-308
2009-10-01,217,109.34,919.632,0,733680,109.793,-0.0700000000000003,-0.0226812934868663,0.12,176.27,86.19,1689.8,8458.2,25400,13827.5,176.9,3.46,2.3,12873.1,2.24,1e-37,2.24,2.24,2.24,1.91179176820345,2.24,1.19906507836836,1.91179176820345,2.24,0.35,0.06,9.93,1.11822763418289e+21,9.38515701692843e-144,3.18636345418607e-110,0,3.47527569410827e-153,1.23017563300674e+83,-8.13317218412013e-48,1.11371815354538e-308
2010-01-01,217.4,109.74,927.606,0,733772,110.216,0.0700000000000003,0.193586356341108,0.13,178.8,87.84,1695.53,8483.6,25376.2,13877,182.07,3.72,2.42,12947.6,2.31,1e-37,2.31,2.31,2.31,2.16200921274115,2.16200921274115,1.19906507836836,2.16200921274115,2.31,0.37,0.11,9.83,4.09318574571931e+59,3.00454184601584e-67,5.77241560673098e-101,0,1.11253692925361e-308,1.09604527875623e-56,-2.98579515205581e-40,1.8807406151712e-298
2010-04-01,217.28,110.12,938.108,0,733862,110.706,-0.21,0.261634203022258,0.19,178.73,89.68,1718.07,8563.7,25619,13925.7,184.23,3.49,2.25,13019.6,2.1,1e-37,2.1,2.1,2.1,2.08319599548572,1.91859675475693,1.19906507836836,2.08319599548572,2.1,0.38,0.15,9.63,1.6713003735701e-61,6.48244357876464e-307,1.94555486577443e-114,0,0,2.38320336333904e-38,-2.62756501451709e-41,7.344016265289e+269
2010-07-01,218.01,110.4,947.974,0,733953,111.238,-0.71,0.857895062511872,0.19,179.67,91.12,1732.33,8577.23,25869.8,13974.4,184.63,2.79,1.55,13103.5,1.39,1e-37,1.39,1.39,1.39,1.96059983725949,1.82545106787113,1.19906507836836,1.96059983725949,1.39,0.27,0.16,9.5,6.50826669535752e-144,2.85371034238253e-110,9.70796154365411e-115,0,1.11280854471484e-308,7.29112201955645e-304,-3.68766525068992e-40,1.11371444316113e-308
2010-10-01,219.64,110.6,971.17,0,734045,111.795,-0.04,1.13586053967612,0.19,182.97,91.62,1821.67,8746.37,26244.3,14024.2,188,2.86,1.49,13181.2,1.35,1e-37,1.35,1.35,1.35,1.17202651307432,1.67943041007199,1.19906507836836,1.17202651307432,1.35,0.26,0.14,9.53,9.70810096190323e-115,6.88268674681591e-72,3.35587055712679e-110,0,0,0,-6.21038922569523e-53,1.11371815354538e-308
2011-01-01,222.03,110.97,990.284,0,734137,112.372,0.64,0.541060870823732,0.16,187.37,92.61,1873.67,8877.97,26556.8,14078.9,195.9,3.46,2.12,13183.8,1.99,1e-37,1.99,1.99,1.27449268378536,1.32338017207719,1.46568287318594,1.19906507836836,1.32338017207719,1.99,0.27,0.13,9,4.49967685420166e-67,922777.078637992,1.37407712374398e-105,0,3.38460663585793e+125,1.11416662206963e-308,-4.27968593030925e-51,1.20011226930414e-308
2011-04-01,224.57,111.6,1017.219,0,734227,113.109,-0.18,0.697869869452358,0.09,190.7,92.88,1934.47,9030.37,27027.4,14136.3,203.7,3.21,1.86,13264.7,1.81,1e-37,1.81,1.81,1.197762789304,1.90419186027166,1.36649599920999,1.19906507836836,1.90419186027166,1.81,0.21,0.05,9.03,9.39456152366166e-154,2.94896199267898e-62,1.01156090994316e-153,0,3.44642995435969e+127,1.35469877033838e+255,-6.30047779308227e+105,0
2011-07-01,226.18,112.14,1034.002,0,734318,113.95,-0.68,1.12912112835016,0.08,192.17,94.17,2064.13,9373.77,28275.3,14195.4,203.83,2.43,1.15,13306.9,1.13,1e-37,1.13,1.13,1.16090392800484,1.53382660128289,1.28282654368517,1.19906507836836,1.53382660128289,1.13,0.13,0.02,9,4.26326156272851e+92,4.47500179025307e-14,3.73165692063899e-91,0,2.90011797739894e-304,1.3546987703384e+255,-1.86138263232221e+101,0
2011-10-01,226.97,112.5,1055.496,0,734410,113.987,-0.19,0.943634859191061,0.07,192.97,95.33,2165.77,9599.47,28787.3,14255.9,200.77,2.05,0.95,13441,0.94,1e-37,0.94,0.94,1.12476657666873,1.04117492295403,1.23426173809276,1.19906507836836,1.04117492295403,0.94,0.11,0.01,8.67,8.96595952389143e+130,8.78201734521639e-115,3.56501129066363e-38,0,0,1.11253692925366e-308,-5.34863606142119e+106,1.73833895208827e-308
2012-01-01,228.27,113.12,1082.519,0,734502,114.599,-0.11,1.12173049528454,0.1,193.73,96.7,2213.97,9777.03,29238.6,14317.4,202.17,2.04,0.9,13506.4,0.83,1e-37,0.955469941777853,0.83,1.1586587928878,1.04898416393007,1.20455235663896,1.19906507836836,1.04898416393007,0.83,0.16,0.07,8.27,9.76544681226291e-115,5.90070192032926e-96,7.01330285743905e-308,0,0,0,-5.79164171720932e+104,1.87740606827735e-308
2012-04-01,228.84,113.6,1104.5,0,734593,115.035,-0.13,1.02425258563273,0.15,192.83,97.27,2258.3,9888.97,29611.6,14379.3,201.8,1.82,0.79,13548.5,0.7,1e-37,1.07047100381063,0.7,1.21883196539562,0.850511738108503,1.1737325891749,1.19906507836836,0.850511738108503,0.7,0.19,0.09,8.17,3.85170807551156e-110,1.65577920035118e-71,2.85371034238253e-110,0,-3.78576699573368e-270,0,-7.04339153047419e+108,2.01647318446643e-308
2012-07-01,230.03,113.91,1119.187,0,734684,115.81,-0.13,1.02042465663605,0.14,195.2,97.39,2326.47,10029.87,30251.4,14441.9,202.4,1.64,0.67,13652.5,0.57,1e-37,1.06852287836268,0.57,1.19566191141164,0.646718858481164,1.18027725224928,1.19906507836836,0.646718858481164,0.57,0.18,0.1,8.03,2.28323829074297e+69,1.3801429163808e+93,1.37322553177598e-105,0,-1.2882297539195e-231,1.11253693330959e-308,-9.68819193111377e+98,2.15554030065551e-308
2012-10-01,231.28,114.18,1147.623,0,734776,116.089,0.0299999999999999,1.08894917188448,0.16,196.2,98.01,2436.73,10319.6,30938.8,14505.4,202.27,1.71,0.69,13665.4,0.6,1e-37,1.01461873125661,0.567990173923847,1.2120953153852,0.565909162535569,1.18616923139164,1.19906507836836,0.565909162535569,0.6,0.17,0.09,7.83,1.64643646831793e+98,5.16158021481951e-72,1.01156090105213e-153,0,8.20785244926137e-304,3.13151306258522e-294,-2.39325756823678e+100,2.36414097518197e-308
2013-01-01,1e-37,1e-37,1e-37,1e-37,1e-37,1e-37,1e-37,1e-37,1e-37,1e-37,1e-37,1e-37,1e-37,1e-37,1e-37,1e-37,1e-37,1e-37,1e-37,1e-37,1e-37,1e-37,0.73230374484829,1.21686278815415,0.774677799078084,1.18711770631854,1.19906507836836,0.774677799078084,1e-37,1e-37,1e-37,1e-37,3.29983980145878e-33,1.56537317504435e-76,3.73165692049611e-91,0,8.7952279163637e+199,1.171225609999e+166,-4.44842233716752e+106,2.64227520756013e-308
2013-04-01,1e-37,1e-37,1e-37,1e-37,1e-37,1e-37,1e-37,1e-37,1e-37,1e-37,1e-37,1e-37,1e-37,1e-37,1e-37,1e-37,1e-37,1e-37,1e-37,1e-37,1e-37,1e-37,0.861776546973171,1.22081754409965,1e-37,1.19377517416586,1.19906507836836,1e-37,1e-37,1e-37,1e-37,1e-37,9.16650012491118e-72,1.15769804680485e-72,1.93259649313643e-57,0,1.00829710968587e-307,1.29157144710797e-153,-4.19763027759164e+104,2.92040943993828e-308
2013-07-01,1e-37,1e-37,1e-37,1e-37,1e-37,1e-37,1e-37,1e-37,1e-37,1e-37,1e-37,1e-37,1e-37,1e-37,1e-37,1e-37,1e-37,1e-37,1e-37,1e-37,1e-37,1e-37,0.945872461077953,1.22159299755493,1e-37,1.19666011281536,1.19906507836836,1e-37,1e-37,1e-37,1e-37,1e-37,3.27435460054171e-33,1.56537317504435e-76,9.39747493800979e-154,0,0,8.10218200660174,-6.92991353429508e+107,3.19854367231644e-308
2013-10-01,1e-37,1e-37,1e-37,1e-37,1e-37,1e-37,1e-37,1e-37,1e-37,1e-37,1e-37,1e-37,1e-37,1e-37,1e-37,1e-37,1e-37,1e-37,1e-37,1e-37,1e-37,1e-37,1.01976856854983,1.21646835088149,1e-37,1.20202649327521,1.19906507836836,1e-37,1e-37,1e-37,1e-37,1e-37,9.16650012491118e-72,5.935712482184e+228,4.26326653596088e+92,0,0,4.5111263185232e-308,-1.80309034705345e+106,3.4766779046946e-308
